meeting_sequence|meeting_date|minute_no|subject|decision_type|resolution_text|proposer_seconder|source_file
1st Ordinary 2024|2024-02-27|DCM/39/02/2024|DECLARATION OF INTEREST|Declaration of Interest|His Worship Kalumba Chifumbe declared interest on a matter under Minute Number PWDRE/91/02/2024 for plot normalisation under plot number 2648.||MINUTES-FIRST-ORDINARY-27TH-FEB-2024.pdf
1st Ordinary 2024|2024-02-27|KTC/40/02/2024|CHAIRMAN’S COMMUNICATION|Council Information / Deliberation|His Worship the Council Chairperson welcomed all members to the first ordinary council meeting held on 27th February 2024 as he stated that it was a very important meeting. He went on and stressed that land management had become an issue in the distr||MINUTES-FIRST-ORDINARY-27TH-FEB-2024.pdf
1st Ordinary 2024|2024-02-27|KTC/41/02/2024|ELECTION OF DEPUTY COUNCIL CHAIRPERSON.|Statutory Election|Elected Mulenga Daniel C. as Deputy Council Chairperson.||MINUTES-FIRST-ORDINARY-27TH-FEB-2024.pdf
1st Ordinary 2024|2024-02-27|KTC/42/02/2024|CONFIRMATION OF PREVIOUS MINUTES OF THE FOURTH ORDINARY|Confirmation of Minutes|The Minutes of the FOURTH ORDINARY COUNCIL MEETING HELD ON FRIDAY 6TH OCTOBER, 2023 (Minute Nos. DCM/29/10/2023 -|Cllr. Mulenga Daniel / Cllr. Chansa Fanwell|MINUTES-FIRST-ORDINARY-27TH-FEB-2024.pdf
1st Ordinary 2024|2024-02-27|KTC/43/02/2024|MATTERS ARISING|Matters Arising / Directives|ITEM 1: VIDE MINUTE NUMBER HESS/206/11/2023: Under minute No. HESS/206/2023: A member wanted to know whether there were any sensitizations made during the distribution of the FISP Packs to beneficiaries. In response, it was reported that the sensitiz||MINUTES-FIRST-ORDINARY-27TH-FEB-2024.pdf
1st Ordinary 2024|2024-02-27|KTC/44/02/2024|ADOPTION OF THE MINUTES OF THE AUDIT COMMITTEE MEETING HELD|Committee Adoption|1. The Minutes of the Audit committee meeting held on Thursday, 18th January, 2024 (Minutes NO. Audit/37/01/2024 - Audit /41/01/2024) be RECEIVED and ADOPTED as a true record of proceedings of the council.||MINUTES-FIRST-ORDINARY-27TH-FEB-2024.pdf
1st Ordinary 2024|2024-02-27|KTC/45/02/2024|ADOPTION OF THE MINUTES OF THE HEALTH ENVIRONMENT & SOCIAL|Committee Adoption|1. Minutes of the Health, Environment and Social Services Committee Meeting held on Thursday 8TH November, 2023 (Minutes No. (HESS/182/11/2023 -||MINUTES-FIRST-ORDINARY-27TH-FEB-2024.pdf
1st Ordinary 2024|2024-02-27|KTC/46/02/2024|ADPTION OF MINUTES OF THE PLANS, WORKS, REAL ESTATES AND|Committee Adoption|1.) The Minutes of the Plans, Works, Development and Real Estates committee meeting held on Friday 26th December, 2024 (Minute Nos.|the committee chairperson Councilor Mubanga Kennedy / Councillor Mwape Eliud it was;|MINUTES-FIRST-ORDINARY-27TH-FEB-2024.pdf
1st Ordinary 2024|2024-02-27|KTC/47/02/2024|ADOPTION OF MINUTES OF THE FINANCE, HUMAN RESOURCE AND|Committee Adoption|1. The Minutes of the Finance, Human Resource & General Purposes Committee Meeting held on Thursday 8th February, 2024 (Minute Nos.||MINUTES-FIRST-ORDINARY-27TH-FEB-2024.pdf
1st Ordinary 2024|2024-02-27|DCM/47/02/2024|CONSTITUTION OF MEMBERS OF THE COUNCIL’S STANDING|Formal Resolution|The proposed list of Councillors and their respective roles in council meetings be adopted. . B). LIST OF CHIEFS FOR KAWAMBWA S/N NAME OF CHIEF CHIEFDOM AREA 01 Chief Chama Chiefdom Chama Chama 02 Senior Chief Mushota Mushota Chiefdom Mushota 03 Chief Munkanta Munkanta Chiefdom Munkanta CHAPLAIN - FR MAMBWE MPASA On a proposal by Councillor Francis Chungu seconded by Councillor Chuma Kelvin, it was; Resolved that: Constitution of Council Standing Committees report hereon be Approved.||MINUTES-FIRST-ORDINARY-27TH-FEB-2024.pdf
1st Ordinary 2024|2024-02-27|DCM/48/02/2024|COUNCIL CHAIRPERSON’S CLOSING REMARKS|Adjournment|The Council Chairperson recognized the new Deputy Council Chairperson-elect Cllr Mulenga Daniel C to his new role as he thanked the Outgoing Council Chairperson Cllr Chungu Francis M for having had se||MINUTES-FIRST-ORDINARY-27TH-FEB-2024.pdf
2nd Ordinary 2024|2024-06-13|KTC/49/06/2024|COUNCIL CHAIRPERSONS COMMUNICATION|Mayoral Address|The Council Chairperson welcomed all the members and Management to the second Ordinary Council meeting as he reported that the Council had managed to disburse grants for all beneficiaries for 2024 as he urged Councillors to communicate to beneficiari||SECOND-ORDINARY-COUNCIL-2024.pdf
2nd Ordinary 2024|2024-06-13|KTC/50/06/2024|CONFIRMATION OF PREVIOUS MINUTES OF THE FIRST ORDINARY COUNCIL|Confirmation of Minutes|Minutes of the First Ordinary Council Meeting held on Tuesday 27th February, 2024 Minute Nos. KTC/39/02/2024 - KTC/48/02/2024 be confirmed as part of the correct record of proceedings of the Council.||SECOND-ORDINARY-COUNCIL-2024.pdf
2nd Ordinary 2024|2024-06-13|KTC/51/06/2024|MATTERS ARISING|Matters Arising / Directives|DURING CONSIDERATION OF MATTERS ARISING, THE FOLLOWING CONCERNS WERE RAISED. I.) Under Minute N0 HESS/228/03/2024, A Member wanted to know if the last batch of recruited teachers had reported for work and were put on pay roll. In response, the house||SECOND-ORDINARY-COUNCIL-2024.pdf
2nd Ordinary 2024|2024-06-13|KTC/52/06/2024|ADOPTION OF THE MINUTES OF THE AUDIT COMMITTEE MEETING HELD|Committee Adoption|Minutes of the meeting of the Audit Committee held on 21st March, 2024 be APPROVED and ADOPTED as part of the proceedings of the council||SECOND-ORDINARY-COUNCIL-2024.pdf
2nd Ordinary 2024|2024-06-13|KTC/53/06/2024|ADOPTION OF THE MINUTES OF THE HEALTH ENVIRONMENT & SOCIAL|Committee Adoption|Minutes of the meeting of the Health Environment & Social Services Committee held on 2nd April, 2024 be APPROVED and ADOPTED as part of the proceedings of the council||SECOND-ORDINARY-COUNCIL-2024.pdf
2nd Ordinary 2024|2024-06-13|KTC/54/06/2024|MINUTES OF THE PLANS, WORKS, DEVELOPMENT AND REAL ESTATE|Committee Adoption|Minutes of the meeting of the Plans Works & Development Committee held on 31st May, 2024 be APPROVED and ADOPTED as part of the proceedings of the council||SECOND-ORDINARY-COUNCIL-2024.pdf
2nd Ordinary 2024|2024-06-13|KTC/55/06/2024|MINUTES OF THE FINANCE, HUMAN RESOURCE AND GENERAL|Committee Adoption|Minutes of the meeting of the Finance Human Resource & General Purposes Committee held on 23rd April, 2024 be APPROVED and ADOPTED as part of the proceedings of the council REPORT OF THE COUNCIL SECRETARY The report of the Council Secretary dully circulated to the members was received.||SECOND-ORDINARY-COUNCIL-2024.pdf
2nd Ordinary 2024|2024-06-13|KTC/56/06/2024|APPROVAL OF FINANCIAL STATEMENT 2022|Financial Approval|The Audited Financial Statements for the year 2022 where the opinion was UNQUALIFIDED be adopted.||SECOND-ORDINARY-COUNCIL-2024.pdf
2nd Ordinary 2024|2024-06-13|KTC/57/06/2024|FORMATION OF THE COMPANY BY THE 12 COUNCILS IN LUAPULA|Commercial Investment|The report on Kawambwa Town Council being a Member of the Company for 12 Luapula Councils be adopted.||SECOND-ORDINARY-COUNCIL-2024.pdf
2nd Ordinary 2024|2024-06-13|KTC/58/06/2024|COUNCIL CHAIRPERSONS CLOSING REMARKS|Adjournment|In his closing remarks, the Council Chairperson thanked everyone for attending the meeting as he urged Councilors to be present in ward development Committee meetings so as to be part of the developme||SECOND-ORDINARY-COUNCIL-2024.pdf
1st Ordinary 2025|2025-06-05|KTC/01/06/2025|COUNCIL CHAIRPERSON’S COMMUNICATION|Mayoral Address|The Council Chairperson welcomed all the members and Management to the first Ordinary Council meeting in 2025. He encouraged members to apply themselves diligently and be objective in the discussions. He further implored all devolved departments to s||MINUTES-OF-FIRST-ORDINARY-COUNCIL-2025.pdf
1st Ordinary 2025|2025-06-05|KTC/02/06/2025|CONFIRMATION OF PREVIOUS MINUTES OF THE FOURTH ORDINARY COUNCIL|Confirmation of Minutes|Minutes of the Fourth Ordinary Council Meeting held on Friday 14th February, 2025 Minute Nos. KTC/59/11/2024 - KTC/68/11/2024 be confirmed as part of the correct record of proceedings of the Council.||MINUTES-OF-FIRST-ORDINARY-COUNCIL-2025.pdf
1st Ordinary 2025|2025-06-05|KTC/03/06/2025|MATTERS ARISING|Formal Resolution|Management be Granted authority by the Council to proceed with necessary procedures with relevant CDF committees to start the process of procuring Laboratory equipment for the District Hospital. MINUTES FROM STANDING COMMITTEES|Cllr Mulenga Daniel Chibwe / Cllr Chungu Francis|MINUTES-OF-FIRST-ORDINARY-COUNCIL-2025.pdf
1st Ordinary 2025|2025-06-05|KTC/04/06/2025|ADOPTION OF THE MINUTES OF THE AUDIT COMMITTEE MEETING HELD|Committee Adoption|Minutes of the meeting of the Audit Committee held on Tuesday, 1st April 2025 be APPROVED and ADOPTED as part of the proceedings of the Council.||MINUTES-OF-FIRST-ORDINARY-COUNCIL-2025.pdf
1st Ordinary 2025|2025-06-05|KTC/05/06/2025|ADOPTION OF THE MINUTES OF THE HEALTH ENVIRONMENT & SOCIAL|Committee Adoption|Minutes of the meeting of the Health Environment & Social Services Committee held on Thursday 10th April, 2025 be APPROVED and ADOPTED as part of the proceedings of the Council||MINUTES-OF-FIRST-ORDINARY-COUNCIL-2025.pdf
1st Ordinary 2025|2025-06-05|KTC/06/06/2025|MINUTES OF THE PLANS, WORKS, DEVELOPMENT AND REAL ESTATE|Committee Adoption|Minutes of the Plans Works Development and Real Estates Committee held on Friday 14th March, 2025 be APPROVED and ADOPTED as part of the proceedings of the Council with a recommendation that; Under minute number PWDRE/08/03/2025: on application for Conversion of land from Customary to Leasehold tenure for Chishala Benson, the application be deferred back to the Plans Works Development and Real estate’s committee in order for the client to provide the missing general receipt number, GRN.||MINUTES-OF-FIRST-ORDINARY-COUNCIL-2025.pdf
1st Ordinary 2025|2025-06-05|KTC/07/06/2025|MINUTES OF THE FINANCE, HUMAN RESOURCE AND GENERAL|Committee Adoption|Minutes of the meeting of the Finance Human Resource & General Purposes Committee held on Monday 5th May, 2025, be APPROVED and ADOPTED as part of the proceedings of the council. REPORT OF THE COUNCIL SECRETARY The report of the Council Secretary dully circulated to the members was received.||MINUTES-OF-FIRST-ORDINARY-COUNCIL-2025.pdf
1st Ordinary 2025|2025-06-05|KTC/09/06/2025|COUNCIL CHAIRPERSONS CLOSING REMARKS|Adjournment|In his closing remarks, the Council Chairperson thanked Council Members and management as well as everyone in attendance for attending the meeting as he expressed his profound gratitude for the intera||MINUTES-OF-FIRST-ORDINARY-COUNCIL-2025.pdf
2nd Ordinary 2025|2025-08-05|KTC/01/06/2025|COUNCIL CHAIRPERSON’S COMMUNICATION|Mayoral Address|The Council Chairperson welcomed his Royal Highness Senior Chief Mushota, Councillors, members of Council Management the Public Gallery to the Second Ordinary Council meeting in 2025. He implored members to pay atthention to the contents in the minut||MINUTES-OF-SECOND-ORDINARY-COUNCIL-2025.pdf
2nd Ordinary 2025|2025-08-05|KTC/02/06/2025|CONFIRMATION OF PREVIOUS MINUTES OF THE FOURTH ORDINARY COUNCIL|Confirmation of Minutes|Minutes of the Fourth Ordinary Council Meeting held on Friday 14th February, 2025 Minute Nos. KTC/59/11/2024 - KTC/68/11/2024 be confirmed as part of the correct record of proceedings of the Council.||MINUTES-OF-SECOND-ORDINARY-COUNCIL-2025.pdf
2nd Ordinary 2025|2025-08-05|KTC/03/06/2025|MATTERS ARISING|Formal Resolution|Management be Granted authority by the Council to proceed with necessary procedures with relevant CDF committees to start the process of procuring Laboratory equipment for the District Hospital. MINUTES FROM STANDING COMMITTEES|Cllr Mulenga Daniel Chibwe / Cllr Chungu Francis|MINUTES-OF-SECOND-ORDINARY-COUNCIL-2025.pdf
2nd Ordinary 2025|2025-08-05|KTC/04/06/2025|ADOPTION OF THE MINUTES OF THE AUDIT COMMITTEE MEETING HELD|Committee Adoption|Minutes of the meeting of the Audit Committee held on Tuesday, 1st April 2025 be APPROVED and ADOPTED as part of the proceedings of the Council.||MINUTES-OF-SECOND-ORDINARY-COUNCIL-2025.pdf
2nd Ordinary 2025|2025-08-05|KTC/05/06/2025|ADOPTION OF THE MINUTES OF THE HEALTH ENVIRONMENT & SOCIAL|Committee Adoption|Minutes of the meeting of the Health Environment & Social Services Committee held on Thursday 10th April, 2025 be APPROVED and ADOPTED as part of the proceedings of the Council||MINUTES-OF-SECOND-ORDINARY-COUNCIL-2025.pdf
2nd Ordinary 2025|2025-08-05|KTC/06/06/2025|MINUTES OF THE PLANS, WORKS, DEVELOPMENT AND REAL ESTATE|Committee Adoption|Minutes of the Plans Works Development and Real Estates Committee held on Friday 14th March, 2025 be APPROVED and ADOPTED as part of the proceedings of the Council with a recommendation that; Under minute number PWDRE/08/03/2025: on application for Conversion of land from Customary to Leasehold tenure for Chishala Benson, the application be deferred back to the Plans Works Development and Real estate’s committee in order for the client to provide the missing general receipt number, GRN.||MINUTES-OF-SECOND-ORDINARY-COUNCIL-2025.pdf
2nd Ordinary 2025|2025-08-05|KTC/07/06/2025|MINUTES OF THE FINANCE, HUMAN RESOURCE AND GENERAL|Committee Adoption|Minutes of the meeting of the Finance Human Resource & General Purposes Committee held on Monday 5th May, 2025, be APPROVED and ADOPTED as part of the proceedings of the council. REPORT OF THE COUNCIL SECRETARY The report of the Council Secretary dully circulated to the members was received.||MINUTES-OF-SECOND-ORDINARY-COUNCIL-2025.pdf
2nd Ordinary 2025|2025-08-05|KTC/09/06/2025|COUNCIL CHAIRPERSONS CLOSING REMARKS|Adjournment|In his closing remarks, the Council Chairperson thanked Council Members and management as well as everyone in attendance for attending the meeting as he expressed his profound gratitude for the intera||MINUTES-OF-SECOND-ORDINARY-COUNCIL-2025.pdf
Stakeholder Consultation 2025 Budget|2024-10-22|KTC/01/10/2024|Outline and Performance of 2024-2025 District Budget|Budget Review|Noted 2024 budget performance at 80% as of August (total budget K74M, commitments K94,416,049); clarified 2024 CDF implementation utilized 2023 unexhausted allocation pending 2024 disbursement.|Deputy Director of Finance|SIGNED-BUSSINESS-MINUTES-22-OCTOBER2024.pdf
Stakeholder Consultation 2025 Budget|2024-10-22|KTC/04/10/2024|Operationalization of Completed CDF Infrastructure|Stakeholder Resolution|Resolved that Director of Finance engage Council Secretary to operationalize completed infrastructure (Mushota Market, Nachampama 1x2 CRB, Munkanta Maternity Annex) and Deputy Director of Works coordinate with WDCs on stalled projects.|Stakeholder Consultative Assembly|SIGNED-BUSSINESS-MINUTES-22-OCTOBER2024.pdf
Stakeholder Consultation 2025 Budget|2024-10-22|KTC/05/10/2024|Institutional Support to Ward Development Committees (WDCs)|Stakeholder Resolution|Resolved that Planning Department issue official ID cards to WDC members, provide transport logistics (bicycles/motorbikes), disseminate CDF guideline handbooks, and establish WhatsApp coordination platforms.|Stakeholder Consultative Assembly|SIGNED-BUSSINESS-MINUTES-22-OCTOBER2024.pdf
Stakeholder Engagement Modern Bus Station|2025-01-17|SEM/BUS/01/2025|Project Siting and Land Allocation for Modern Bus Station|Project Approval|Resolved that modern bus station be constructed on 1.4 hectares of statutory land in Land Development Fund (LDF) area near newly constructed General Hospital in the New Central Business District.|Cllr Daniel Mulenga / Mr. Chipalo|STAKEHOLDER-ENGAGEMENT-MINUTES.pdf
Stakeholder Engagement Modern Bus Station|2025-01-17|SEM/BUS/02/2025|Facility Design and Weather Adaptation|Engineering Design Resolution|Resolved that bus station structure be fully enclosed to shield waiting passengers from heavy rainfall characteristic of Kawambwa District.|Stakeholder Consultative Assembly|STAKEHOLDER-ENGAGEMENT-MINUTES.pdf
Stakeholder Engagement Modern Bus Station|2025-01-17|SEM/BUS/03/2025|Security Infrastructure and Law Enforcement|Security Resolution|Resolved to establish integrated State Police and Council Police offices on-site, intensify fee collection, procure vehicle clampers, and recruit additional Council police officers.|Stakeholder Consultative Assembly|STAKEHOLDER-ENGAGEMENT-MINUTES.pdf
Stakeholder Engagement Modern Bus Station|2025-01-17|SEM/BUS/04/2025|Water Reticulation and Community Extension|Infrastructure Resolution|Resolved that an industrial water supply reticulation scheme be installed for the bus station and extended to serve adjacent residential and market communities.|Stakeholder Consultative Assembly|STAKEHOLDER-ENGAGEMENT-MINUTES.pdf
