ward|project_name|year|status|amount|category|project_type|constituency|source_file|data_conflict
Kala|Helath Post At Muchulila|2022|Approved|770,000.00|Health||Kawambwa|KAWAMBWA-COMMUNITY-PROJECTS-year2022.pdf|False
Fisaka|construction of a 1*3 Class Room Block and ablution block at Parrafine|2022|Approved|1,328,000.00|Education||Kawambwa|KAWAMBWA-COMMUNITY-PROJECTS-year2022.pdf|False
Senga|2 Staff Houses For Health Workers at Luatula Health post|2022|Approved|810,000.00|Health||Kawambwa|KAWAMBWA-COMMUNITY-PROJECTS-year2022.pdf|False
Ng'ona|Bus Station Paving|2022|Approved|575,846.21|Bus Stations And Markets||Kawambwa|KAWAMBWA-COMMUNITY-PROJECTS-year2022.pdf|False
Ntumbachushi|Construction Of 1*3 Crb, And Ablution Block At Kalamba Primary School To Secondary School|2022|Approved|1,109,000.21|Education||Kawambwa|KAWAMBWA-COMMUNITY-PROJECTS-year2022.pdf|False
Kawambwa|Construction Of An Ablution Block at Munkanta Primary School|2022|Approved|680,746.00|Education||Kawambwa|KAWAMBWA-COMMUNITY-PROJECTS-year2022.pdf|False
Iyanga|Grading And Gravelling Of Road From Muyembe To Kapulo Road|2022|Approved||Roads||Kawambwa|KAWAMBWA-COMMUNITY-PROJECTS-year2022.pdf|False
All Wards|Procurement Of 300 Desks|2022|Approved|594,100.00|Education||Kawambwa|KAWAMBWA-COMMUNITY-PROJECTS-year2022.pdf|False
Senga|Construction Of 1*3 Classroom Block at Mufwaya Primary School|2022|Approved|503,000.00|Education||Kawambwa|KAWAMBWA-COMMUNITY-PROJECTS-year2022.pdf|False
Lushiba|Construction Of Borehole, Staff House at Mwangwe Haelth Post|2022|Approved|675,000.21|Health||Kawambwa|KAWAMBWA-COMMUNITY-PROJECTS-year2022.pdf|False
Luena|Construction Of A Local Court at Katungulu|2022|Approved|550,846.00|Justice||Kawambwa|KAWAMBWA-COMMUNITY-PROJECTS-year2022.pdf|False
Kala|Drilling and installation of 2no solar powered boreholes at shinonde community in kawambwa district of luapula province.|2022|Approved|540,000.00|Water And Sanitation||Kawambwa|KAWAMBWA-COMMUNITY-PROJECTS-year2022.pdf|False
All Wards|Procurement For Desk To Be Distributed To Schools|2022|Approved|390,000.00|Education||Kawambwa|KAWAMBWA-COMMUNITY-PROJECTS-year2022.pdf|False
Iyanga|Electrical Installation|2022|Deferred / Not Approved|50,000.00|Energy||Kawambwa|KAWAMBWA-COMMUNITY-PROJECTS-year2022.pdf|False
Ng'ona|Construction Of 3No. Solar Boreholes Communities chisulo, zakeyo and chola communities|2022|Approved|810,000.00|Water/Sanitation||Kawambwa|KAWAMBWA-COMMUNITY-PROJECTS-year2022.pdf|False
Kawambwa|Construction And Instalation 3 No.Solar Boreholes stardy, thomas n mutofwa|2022|Approved|840,000.00|Water/Sanitation||Kawambwa|KAWAMBWA-COMMUNITY-PROJECTS-year2022.pdf|False
Senga|Water Reticulation At Luatula, Mufwaya And Chisheta Community|2022|Approved|870,000.00|Education||Kawambwa|KAWAMBWA-COMMUNITY-PROJECTS-year2022.pdf|False
Kawambwa|Construction Of Martenity Wing at Munkanta Clinic|2022|Approved|843,846.21|Health||Kawambwa|KAWAMBWA-COMMUNITY-PROJECTS-year2022.pdf|False
All Wards|Procument Of Desk|2022|Approved|525,000.00|Education||Kawambwa|KAWAMBWA-COMMUNITY-PROJECTS-year2022.pdf|False
Iyanga|Construction Of Staff house at Kamfukeshi Clinic|2022|Approved|405,000.00|Health||Kawambwa|KAWAMBWA-COMMUNITY-PROJECTS-year2022.pdf|False
Kala|ROAD MAINTANANCE :KALA ROAD IN TWO WARDS NAMELY KALA AND SENGA (RDA)SPOT MAINTAINANCE|2022|Deferred / Not Approved|1,722,332.00|Roads||Kawambwa|KAWAMBWA-COMMUNITY-PROJECTS-year2022.pdf|False
Kala|KALA SECONDARYSCH INTO BOARDING SCHOOL|2022|Deferred / Not Approved||Education||Kawambwa|KAWAMBWA-COMMUNITY-PROJECTS-year2022.pdf|False
Kala|INSTALLATION OF SOLAR POWER TANKS IN KALA|2022|Deferred / Not Approved||Water||Kawambwa|KAWAMBWA-COMMUNITY-PROJECTS-year2022.pdf|False
Kala|CONSTRUCTION OF UNDER-FIVE SHELTER AT KALA COMMUNITY.|2022|Deferred / Not Approved||Health||Kawambwa|KAWAMBWA-COMMUNITY-PROJECTS-year2022.pdf|False
Kala|CONSTRUCTION OF HEALTH POST AT CHUNGU COMMUNITY|2022|Approved||Health||Kawambwa|KAWAMBWA-COMMUNITY-PROJECTS-year2022.pdf|False
Kawambwa|Renovation of st Marys special school|2022|Approved|174,736.00|Education||Kawambwa|KAWAMBWA-COMMUNITY-PROJECTS-year2022.pdf|False
Iyanga|Renovation of Musambeshi Health Post|2022|Approved|125,612.05|Health||Kawambwa|KAWAMBWA-COMMUNITY-PROJECTS-year2022.pdf|False
Kawambwa|Rehabilitation of 1X3 CRB at Kawambwa Secondary School|2022|Approved|260,085.00|Education||Kawambwa|KAWAMBWA-COMMUNITY-PROJECTS-year2022.pdf|False
Kawambwa|Renovation of st Marys special school|2022|Approved|145,983.00|Education||Kawambwa|KAWAMBWA-COMMUNITY-PROJECTS-year2022.pdf|False
Pambashe|Construction Of School Toilets at Kaka Primary School|2022|Approved|668,500.00|Education||Pambashe|PAMBASHE-COMMUNITY-PROJECTS-2022.pdf|False
Chikanda|1*3 Class Room Block (Kota Primary)|2022|Approved|743,400.00|Education||Pambashe|PAMBASHE-COMMUNITY-PROJECTS-2022.pdf|False
Chibote|1*3 Class Room Block And A Three bedroomed House At Alex Primary School|2022|Approved|1,168,500.00|Education||Pambashe|PAMBASHE-COMMUNITY-PROJECTS-2022.pdf|False
Kabanse|Water Reticulation At Chimpempe School|2022|Approved|400,000.00|Water And Sanitaion||Pambashe|PAMBASHE-COMMUNITY-PROJECTS-2022.pdf|False
Ilombe|Staff House At Chinombwe Primary School|2022|Approved|503,446.21|Education||Pambashe|PAMBASHE-COMMUNITY-PROJECTS-2022.pdf|False
Chikanda|Construction Of 1 X3 Class Block At Ntumbo Primary School|2022|Approved|530,000.00|Education||Pambashe|PAMBASHE-COMMUNITY-PROJECTS-2022.pdf|False
Kabanse|Construction Of Three Bedroomed Staff Houses At Kabanda Police Post|2022|Approved|408,000.00|Security||Pambashe|PAMBASHE-COMMUNITY-PROJECTS-2022.pdf|False
Filenge|Construction Of 1*3 Classroom Block at Kuyumba Primary School|2022|Approved|550,000.00|Education||Pambashe|PAMBASHE-COMMUNITY-PROJECTS-2022.pdf|False
Chimpili|Construction Of 1 X3 Class Block At Mukangwa|2022|Approved|570,000.00|Education||Pambashe|PAMBASHE-COMMUNITY-PROJECTS-2022.pdf|False
Mulunda|Construction Of 1*3 Clasroom Block Sichungu|2022|Approved|560,000.00|Education||Pambashe|PAMBASHE-COMMUNITY-PROJECTS-2022.pdf|False
Luongo|Construction Of 1*3 Clasroom Block at Musungu Primary School|2022|Approved|540,000.00|Education||Pambashe|PAMBASHE-COMMUNITY-PROJECTS-2022.pdf|False
Chibote|Purchase Of Desks|2022|Approved|329,846.21|Education||Pambashe|PAMBASHE-COMMUNITY-PROJECTS-2022.pdf|False
Pambashe|Fuel For Selcted Feeder Roads In The Consituency|2022|Approved|402,803.00|Roads||Pambashe|PAMBASHE-COMMUNITY-PROJECTS-2022.pdf|False
Chikanda|Construction Of 1*3 Class Room Block at Folotiya Primary School|2022|Approved|510,000.00|Education||Pambashe|PAMBASHE-COMMUNITY-PROJECTS-2022.pdf|False
Filenge|Construction Of 1*3 Class Room Block Lengwe Kapenya|2022|Approved|500,000.00|Education||Pambashe|PAMBASHE-COMMUNITY-PROJECTS-2022.pdf|False
Kabanse|Construction Of Staff House At Poosa|2022|Approved|405,000.00|Education||Pambashe|PAMBASHE-COMMUNITY-PROJECTS-2022.pdf|False
Chimpili|Construction Of Staff House At Kanga Community School|2022|Approved|405,000.00|Education||Pambashe|PAMBASHE-COMMUNITY-PROJECTS-2022.pdf|False
Mulunda|Construction Of Staff House At Chama Rural Health Post|2022|Approved|407,000.00|Health||Pambashe|PAMBASHE-COMMUNITY-PROJECTS-2022.pdf|False
Luongo|Construction Of Health Post At Kasonde Community|2022|Approved|770,000.00|Education||Pambashe|PAMBASHE-COMMUNITY-PROJECTS-2022.pdf|False
Chibote|Installation Of Water Reticulation At Catholic Church|2022|Approved|286,000.21|Water And Sanitaion||Pambashe|PAMBASHE-COMMUNITY-PROJECTS-2022.pdf|False
All Wards|Purchase Of Desks|2022|Approved|204,846.00|Education||Pambashe|PAMBASHE-COMMUNITY-PROJECTS-2022.pdf|False
Kabanse|Construction Of A Staff House At Mishingo Community School|2022|Approved|408,000.00|Education||Pambashe|PAMBASHE-COMMUNITY-PROJECTS-2022.pdf|False
Ilombe|Construction Of 2 Staff Houses at Buyaka Primary School|2022|Approved|810,000.00|Education||Pambashe|PAMBASHE-COMMUNITY-PROJECTS-2022.pdf|False
Chimpili|Construction Of A Staff House at Mukangwa Primary School|2022|Approved|406,000.00|Education||Pambashe|PAMBASHE-COMMUNITY-PROJECTS-2022.pdf|False
Luongo|Construction Of Staff House At Musungu Police Post|2022|Approved|405,000.00|Security||Pambashe|PAMBASHE-COMMUNITY-PROJECTS-2022.pdf|False
Ilombe|Purchase Of Desks|2022|Approved|308,846.21|Education||Pambashe|PAMBASHE-COMMUNITY-PROJECTS-2022.pdf|False
Ilombe|Mushota Modern Market-Phase 1|2022|Approved|500,000.00|Commerce And Trade||Pambashe|PAMBASHE-COMMUNITY-PROJECTS-2022.pdf|False
Pambashe|Construction Of Borehole at Pambashe Primary School|2022|Approved|250,000.00|Education||Pambashe|PAMBASHE-COMMUNITY-PROJECTS-2022.pdf|False
Chibote|CONSTRUCTION OF 1X3 CRB AT CHIKUNI PRIMARY SCH AND TEACHERS HOUSES.|2022|Deferred / Not Approved||Education||Pambashe|PAMBASHE-COMMUNITY-PROJECTS-2022.pdf|False
Chibote|2 SEMI DETATCHED STAFF HOUSE|2022|Deferred / Not Approved||Education||Pambashe|PAMBASHE-COMMUNITY-PROJECTS-2022.pdf|False
Chibote|CONSTRUCTION OF 1X3 CRB AT KATOTA ZONE|2022|Deferred / Not Approved||Education||Pambashe|PAMBASHE-COMMUNITY-PROJECTS-2022.pdf|False
Chibote|DAMWALL REPAIR / FURROW REHABILITATIO N|2022|Deferred / Not Approved||Water||Pambashe|PAMBASHE-COMMUNITY-PROJECTS-2022.pdf|False
Chikanda|INSTALLATION OF BOREBOLES AT KOTA ZONE /VILLAGES|2022|Deferred / Not Approved|100,000.00|Water||Pambashe|PAMBASHE-COMMUNITY-PROJECTS-2022.pdf|False
Chikanda|CONSTRUCTION OF PRIMARY SCHOOL IN CHIFUNDO AREA.|2022|Deferred / Not Approved||Education||Pambashe|PAMBASHE-COMMUNITY-PROJECTS-2022.pdf|False
Chikanda|REHABILITATIO N OF FEEDER ROADS|2022|Deferred / Not Approved||Education||Pambashe|PAMBASHE-COMMUNITY-PROJECTS-2022.pdf|False
Chikanda|INSTALLATION OF BOREBOLES AT MYAFI VILLAGES|2022|Deferred / Not Approved|50,000.00|Water||Pambashe|PAMBASHE-COMMUNITY-PROJECTS-2022.pdf|False
Chikanda|INSTALLATION OF BOREHOLES AT MANDELEMBW E VILLAGE|2022|Deferred / Not Approved|100,000.00|Water||Pambashe|PAMBASHE-COMMUNITY-PROJECTS-2022.pdf|False
Kabanse|Rehabilitation of CRB at Chimpempe primary school|2022|Approved|168,791.00|Education||Pambashe|PAMBASHE-COMMUNITY-PROJECTS-2022.pdf|False
Ilombe|Rehabilitaion of CRB at Mushota primary school|2022|Approved|349,790.00|Education||Pambashe|PAMBASHE-COMMUNITY-PROJECTS-2022.pdf|False
All Wards|Procurement of roller compactor|2023|Approved|1,800,000.00|Roads||Kawambwa|KAWAMBWA-COMMUNITY-PROJECTS-2023.pdf|False
All Wards|Procurement of ambulance|2023|Approved|1,200,000.00|Health||Kawambwa|KAWAMBWA-COMMUNITY-PROJECTS-2023.pdf|False
All Wards|Procurement of desks|2023|Approved|532,000.00|Education||Kawambwa|KAWAMBWA-COMMUNITY-PROJECTS-2023.pdf|False
All Wards|Procurement of low bed|2023|Approved|2,000,000.00|Roads||Kawambwa|KAWAMBWA-COMMUNITY-PROJECTS-2023.pdf|False
All Wards|Procurement of water bowser|2023|Approved|1,500,000.00|Roads||Kawambwa|KAWAMBWA-COMMUNITY-PROJECTS-2023.pdf|False
All Wards|Procurement of desks|2023|Approved|632,000.00|Education||Kawambwa|KAWAMBWA-COMMUNITY-PROJECTS-2023.pdf|False
Iyanga|Construction and rehab of maternity wings and borehore|2023|Approved|780,000.00|Health||Kawambwa|KAWAMBWA-COMMUNITY-PROJECTS-2023.pdf|False
All Wards|Provision of water and sanitation at kawambwa boys|2023|Approved|501,977.91|Water And Sanitation||Kawambwa|KAWAMBWA-COMMUNITY-PROJECTS-2023.pdf|False
All Wards|Procurement of solid waste equipments|2023|Approved|100,000.00|Sanitation||Kawambwa|KAWAMBWA-COMMUNITY-PROJECTS-2023.pdf|False
Lushiba|Purchase of Motor vehicle (CDF)|2023|Approved|1,200,000.00|Works||Kawambwa|KAWAMBWA-COMMUNITY-PROJECTS-2023.pdf|False
Ntumbachushi|Drilling and installation of 1no solar powered boreholes at Misakalala|2023|Approved|260,000.00|Health||Kawambwa|KAWAMBWA-COMMUNITY-PROJECTS-2023.pdf|False
Lushiba|Procurement of furniture for mwangwe health post|2023|Approved|200,000.00|Health||Kawambwa|KAWAMBWA-COMMUNITY-PROJECTS-2023.pdf|False
Ntumbachushi|Procurement of furniture for Misakalala health post|2023|Approved|200,000.00|Health||Kawambwa|KAWAMBWA-COMMUNITY-PROJECTS-2023.pdf|False
Iyanga|Grading of roads in Kawambwa|2023|Approved|500,000.00|Roads||Kawambwa|KAWAMBWA-COMMUNITY-PROJECTS-2023.pdf|False
All Wards|Procurement of desks|2023|Approved|3,074,000.00|Education||Kawambwa|KAWAMBWA-COMMUNITY-PROJECTS-2023.pdf|False
Kawambwa|Provsion of electricity|2023|Approved|1,000,000.00|Energy||Kawambwa|KAWAMBWA-COMMUNITY-PROJECTS-2023.pdf|False
Iyanga|CONSTRUCTION OF TWO TECHERS HOUSES AT KAPULO PRIMARY SCHOOL|2023|Deferred / Not Approved||Education||Kawambwa|KAWAMBWA-COMMUNITY-PROJECTS-2023.pdf|False
Iyanga|STAFF HOUSES AT MUYEMBE PR. SCH AND AT HEALTH CENTER|2023|Deferred / Not Approved||Education||Kawambwa|KAWAMBWA-COMMUNITY-PROJECTS-2023.pdf|False
Iyanga|CONSTRUCTION OF OUTREACH POST AT BULEMBE|2023|Deferred / Not Approved||Health||Kawambwa|KAWAMBWA-COMMUNITY-PROJECTS-2023.pdf|False
Ng'ona|WATER RETICULATION AT LDF PLOTS OR NEW PLOTS (near new hospital)|2023|Deferred / Not Approved|3,600,000.00|Water||Kawambwa|KAWAMBWA-COMMUNITY-PROJECTS-2023.pdf|False
Ng'ona|TOWNSHIP ROADS IN NG'ONA WARD POLICE -HOSPITAL- MESSENGER-ST MARYS|2023|Deferred / Not Approved||Roads||Kawambwa|KAWAMBWA-COMMUNITY-PROJECTS-2023.pdf|False
All Wards|Procurement of ambulance|2023|Approved|1,200,000.00|Health||Pambashe|PAMBASHE-COMMUNITY-PROJECTS-2023.pdf|False
Ilombe|Construction of Mushota Police station phase 1|2023|Approved|1,900,000.00|Security||Pambashe|PAMBASHE-COMMUNITY-PROJECTS-2023.pdf|False
All Wards|procurement of Desks|2023|Approved|532,000.00|Education||Pambashe|PAMBASHE-COMMUNITY-PROJECTS-2023.pdf|False
Ilombe|Construction of 1*2 CRB at nachampama primary school|2023|Approved|631,978.00|Education||Pambashe|PAMBASHE-COMMUNITY-PROJECTS-2023.pdf|False
Kabanse|Construction of a maternity wing and drilling of a solar powered borehole at chitotela health post|2023|Approved|785,000.00|Health||Pambashe|PAMBASHE-COMMUNITY-PROJECTS-2023.pdf|False
Ilombe|Construction Of Chiefs palace at Snr. Chief Mushota|2023|Approved|1,000,000.00|Traditional Affairs||Pambashe|PAMBASHE-COMMUNITY-PROJECTS-2023.pdf|False
Mulunda|Construction Of Chiefs palace at Snr. Chief Chama|2023|Approved|1,000,000.00|Traditional Affairs||Pambashe|PAMBASHE-COMMUNITY-PROJECTS-2023.pdf|False
All Wards|Procurement of solid waste equipments|2023|Approved|50,000.00|Sanitation||Pambashe|PAMBASHE-COMMUNITY-PROJECTS-2023.pdf|False
All Wards|Provision of electricity|2023|Approved|1,000,000.00|Energy||Pambashe|PAMBASHE-COMMUNITY-PROJECTS-2023.pdf|False
All Wards|Purchase of police vehicle|2023|Approved|1,100,000.00|Security||Pambashe|PAMBASHE-COMMUNITY-PROJECTS-2023.pdf|False
All Wards|procurement of desks|2023|Approved|1,750,000.00|Education||Pambashe|PAMBASHE-COMMUNITY-PROJECTS-2023.pdf|False
All Wards|procurement of desks|2023|Approved|2,186,000.00|Education||Pambashe|PAMBASHE-COMMUNITY-PROJECTS-2023.pdf|False
Mulunda|Construction of chibote police post, staff house and borehole|2023|Approved|1,265,000.00|Security||Pambashe|PAMBASHE-COMMUNITY-PROJECTS-2023.pdf|False
Mulunda|Procurement of furniture for mweo and katota health post|2023|Approved|400,000.00|Health||Pambashe|PAMBASHE-COMMUNITY-PROJECTS-2023.pdf|False
Chikanda|CONSTRUCTION OF TEACHERS HOUSES AT /NTUMBO ZONE|2023|Deferred / Not Approved|180,000.00|Education||Pambashe|PAMBASHE-COMMUNITY-PROJECTS-2023.pdf|False
Chimpili|CONSTRUCTION OF HEALTH POST AT LUFUBU|2023|Deferred / Not Approved|90,000.00|Health||Pambashe|PAMBASHE-COMMUNITY-PROJECTS-2023.pdf|False
Chimpili|CONSTRUCTION OF 1X2 CRB (FORM NOT SIGNED BY WDC)|2023|Deferred / Not Approved|380,000.00|Education||Pambashe|PAMBASHE-COMMUNITY-PROJECTS-2023.pdf|False
Chimpili|CONSTRUCTION OF 1X3 CLASSROOM BLOCK AT CHIMPILI PRIMARY SCHOOL (NOT SIGNED BY WDC)|2023|Deferred / Not Approved||Education||Pambashe|PAMBASHE-COMMUNITY-PROJECTS-2023.pdf|False
Filenge|CONSTRUCTION OF 1X3 CRB AT KANENGO PRIMARY SCH|2023|Deferred / Not Approved||Education||Pambashe|PAMBASHE-COMMUNITY-PROJECTS-2023.pdf|False
Filenge|CONSTRUCTION OF A PRE-SCHOOL AT CHAMA KAPWENGE (NOT SIGNED BY WDC)|2023|Deferred / Not Approved||Education||Pambashe|PAMBASHE-COMMUNITY-PROJECTS-2023.pdf|False
Filenge|CONSTRUCTION OF 1X3 LABORATORY CLASSROOM AT KANENGO SECONDARY|2023|Deferred / Not Approved||Education||Pambashe|PAMBASHE-COMMUNITY-PROJECTS-2023.pdf|False
Filenge|FEEDER ROAD CONSTRUCTION FROM KASAFYA TO CHIMFUMBWE|2023|Deferred / Not Approved||Roads||Pambashe|PAMBASHE-COMMUNITY-PROJECTS-2023.pdf|False
Filenge|CONSTRUCTION OF 1X3 CRB AT MWEO PRIMARY SCH.|2023|Deferred / Not Approved||Education||Pambashe|PAMBASHE-COMMUNITY-PROJECTS-2023.pdf|False
Filenge|1X3 CLASSROOM BLOCK AND THREE TEACHERS HOUSES AT MUKULUKA ZONE|2023|Deferred / Not Approved||Education||Pambashe|PAMBASHE-COMMUNITY-PROJECTS-2023.pdf|False
Mulunda|CONSTRUCTION OF HEALTH POST CHITALA ZONE COMMUNITY|2023|Deferred / Not Approved||Health||Pambashe|PAMBASHE-COMMUNITY-PROJECTS-2023.pdf|False
All Wards|Procurement Of One Motorbike For Retainers|2024|Approved||Traditional Affairs|Infrastructure|Kawambwa|KAWAMBWA-COMMUNITY-PROJECTS-2024.pdf|False
All Wards|Grading And Re-gravelling Of Selected Feeder Roads|2024|Approved||Local Government|Infrastructure|Kawambwa|KAWAMBWA-COMMUNITY-PROJECTS-2024.pdf|False
All Wards|Procurement Of Ambulance|2024|Approved||Health|Infrastructure|Kawambwa|KAWAMBWA-COMMUNITY-PROJECTS-2024.pdf|False
All Wards|Procurement Of Refuse Track|2024|Approved||Waste Management|Infrastructure|Kawambwa|KAWAMBWA-COMMUNITY-PROJECTS-2024.pdf|False
All Wards|Provision Of Desks|2024|Approved||Education|Infrastructure|Kawambwa|KAWAMBWA-COMMUNITY-PROJECTS-2024.pdf|False
Fisaka|Construction Of 1x3 Classroom Block At John Mapipo Primary School|2024|Deferred / Not Approved||Education|Infrastructure|Kawambwa|KAWAMBWA-COMMUNITY-PROJECTS-2024.pdf|False
Fisaka|Construction Of Health Post|2024|Deferred / Not Approved||Health|Infrastructure|Kawambwa|KAWAMBWA-COMMUNITY-PROJECTS-2024.pdf|False
Fisaka|Construction Of Solar Powered Borehole Atkalamba Seconadary School|2024|Approved||Education|Infrastructure|Kawambwa|KAWAMBWA-COMMUNITY-PROJECTS-2024.pdf|False
Fisaka|Construction Of Marternity Annex At Shikalaba Hp|2024|Approved||Health|Infrastructure|Kawambwa|KAWAMBWA-COMMUNITY-PROJECTS-2024.pdf|False
Fisaka|Construction Of 1x3 Classroom Block|2024|Deferred / Not Approved||Education|Infrastructure|Kawambwa|KAWAMBWA-COMMUNITY-PROJECTS-2024.pdf|False
Fisaka|Construction Of 1x3 Classroom Block And Staff Houses At Nefa Primary|2024|Deferred / Not Approved||Education|Infrastructure|Kawambwa|KAWAMBWA-COMMUNITY-PROJECTS-2024.pdf|False
Fisaka|Construction And Electrification Of Maternity Ward|2024|Deferred / Not Approved||Health|Infrastructure|Kawambwa|KAWAMBWA-COMMUNITY-PROJECTS-2024.pdf|False
Fisaka|Construction Of A Staff House In Shikalaba Camp|2024|Deferred / Not Approved||Agriculture|Infrastructure|Kawambwa|KAWAMBWA-COMMUNITY-PROJECTS-2024.pdf|False
Fisaka|Constuction Of Toilets And A Borehole At The Palace|2024|Deferred / Not Approved||Community Infrastructure|Infrastructure|Kawambwa|KAWAMBWA-COMMUNITY-PROJECTS-2024.pdf|False
Fisaka|Construction Of Health Centre And 3 Staff Houses|2024|Deferred / Not Approved||Health|Infrastructure|Kawambwa|KAWAMBWA-COMMUNITY-PROJECTS-2024.pdf|False
Fisaka|Construction Of A Secondary School|2024|Deferred / Not Approved||Education|Infrastructure|Kawambwa|KAWAMBWA-COMMUNITY-PROJECTS-2024.pdf|False
Fisaka|Construction Of 5 Staff Houses At Lengwe Primary School|2024|Deferred / Not Approved||Education|Infrastructure|Kawambwa|KAWAMBWA-COMMUNITY-PROJECTS-2024.pdf|False
Iyanga|Construction Of Solar Powered Borehole At Kapako Hp|2024|Approved||Health|Infrastructure|Kawambwa|KAWAMBWA-COMMUNITY-PROJECTS-2024.pdf|False
Iyanga|Construction Of 2 Staff Houses At Muyembe Clinic|2024|Deferred / Not Approved||Health|Infrastructure|Kawambwa|KAWAMBWA-COMMUNITY-PROJECTS-2024.pdf|False
Kala|Construction Of A Secondary Boarding School|2024|Deferred / Not Approved||Education|Infrastructure|Kawambwa|KAWAMBWA-COMMUNITY-PROJECTS-2024.pdf|False
Kala|Construction Of 1x2 Classroom Block And Borehole|2024|Deferred / Not Approved||Education|Infrastructure|Kawambwa|KAWAMBWA-COMMUNITY-PROJECTS-2024.pdf|False
Kala|Construction Of 1x3 Classroom Block And Borehole|2024|Deferred / Not Approved||Education|Infrastructure|Kawambwa|KAWAMBWA-COMMUNITY-PROJECTS-2024.pdf|False
Kala|Construction Of Health Post At Pakeeta Village|2024|Deferred / Not Approved||Health|Infrastructure|Kawambwa|KAWAMBWA-COMMUNITY-PROJECTS-2024.pdf|False
Kala|Construction Of Children Out Reach Wing|2024|Deferred / Not Approved||Health|Infrastructure|Kawambwa|KAWAMBWA-COMMUNITY-PROJECTS-2024.pdf|False
Kala|Constuction Of A Market|2024|Deferred / Not Approved||Commence|Infrastructure|Kawambwa|KAWAMBWA-COMMUNITY-PROJECTS-2024.pdf|False
Kala|Solar Powered Water Tank|2024|Deferred / Not Approved||Water And Sanitation|Infrastructure|Kawambwa|KAWAMBWA-COMMUNITY-PROJECTS-2024.pdf|False
Kala|Ward Road Maintenance|2024|Deferred / Not Approved||Community Infrastructure|Infrastructure|Kawambwa|KAWAMBWA-COMMUNITY-PROJECTS-2024.pdf|False
Kawambwa|Borehole Construction|2024|Deferred / Not Approved||Water And Sanitation|Infrastructure|Kawambwa|KAWAMBWA-COMMUNITY-PROJECTS-2024.pdf|False
Kawambwa|Construction Of Ablution Block At St. Mary's Primary School|2024|Deferred / Not Approved||Education|Infrastructure|Kawambwa|KAWAMBWA-COMMUNITY-PROJECTS-2024.pdf|False
Kawambwa|Construction Of Ablution Bock|2024|Deferred / Not Approved||Education|Infrastructure|Kawambwa|KAWAMBWA-COMMUNITY-PROJECTS-2024.pdf|False
Kawambwa|Construction Of Flush Toilets At Kawambwa Primary School|2024|Deferred / Not Approved||Education|Infrastructure|Kawambwa|KAWAMBWA-COMMUNITY-PROJECTS-2024.pdf|False
Kawambwa|Construction Of Feeder Roads|2024|Deferred / Not Approved||Transport|Infrastructure|Kawambwa|KAWAMBWA-COMMUNITY-PROJECTS-2024.pdf|False
Kawambwa|Construction Of Community Market|2024|Deferred / Not Approved||Commence|Infrastructure|Kawambwa|KAWAMBWA-COMMUNITY-PROJECTS-2024.pdf|False
Kawambwa|Construction Of 1x3 Crb For Pupils With Special Needs|2024|Deferred / Not Approved||Education|Infrastructure|Kawambwa|KAWAMBWA-COMMUNITY-PROJECTS-2024.pdf|False
Luena|Construction Of Borehole|2024|Deferred / Not Approved||Education|Infrastructure|Kawambwa|KAWAMBWA-COMMUNITY-PROJECTS-2024.pdf|False
Luena|Construction Of 1x3 Classroom Block|2024|Deferred / Not Approved||Education|Infrastructure|Kawambwa|KAWAMBWA-COMMUNITY-PROJECTS-2024.pdf|False
Luena|Construction Of 2 Staff Houses|2024|Deferred / Not Approved||Education|Infrastructure|Kawambwa|KAWAMBWA-COMMUNITY-PROJECTS-2024.pdf|False
Luena|Construction Of 4 Staff Houses|2024|Deferred / Not Approved||Education|Infrastructure|Kawambwa|KAWAMBWA-COMMUNITY-PROJECTS-2024.pdf|False
Luena|Construction Of 4 Staff Houses For Local Court And Borehole|2024|Deferred / Not Approved||Judiciary|Infrastructure|Kawambwa|KAWAMBWA-COMMUNITY-PROJECTS-2024.pdf|False
Luena|Construction Of Staff Houses And 3x3 Classroom Block|2024|Deferred / Not Approved||Education|Infrastructure|Kawambwa|KAWAMBWA-COMMUNITY-PROJECTS-2024.pdf|False
Lushiba|Construction And Electrification Of 1x3 Crb At John Mapipo Primary School|2024|Deferred / Not Approved||Education|Infrastructure|Kawambwa|KAWAMBWA-COMMUNITY-PROJECTS-2024.pdf|False
Lushiba|Construction And Electrification Of Maternity Ward At Chitondo Clinic|2024|Deferred / Not Approved||Health|Infrastructure|Kawambwa|KAWAMBWA-COMMUNITY-PROJECTS-2024.pdf|False
Lushiba|Construction Of Staff Houses At Chitondo Primary School|2024|Deferred / Not Approved||Education|Infrastructure|Kawambwa|KAWAMBWA-COMMUNITY-PROJECTS-2024.pdf|False
Ng'ona|Construction Of Community Early Childhood Development Center|2024|Deferred / Not Approved||Education|Infrastructure|Kawambwa|KAWAMBWA-COMMUNITY-PROJECTS-2024.pdf|False
Ng'ona|Construction Of Solar Powered Borehole At Zakeyo Hp|2024|Approved||Health|Infrastructure|Kawambwa|KAWAMBWA-COMMUNITY-PROJECTS-2024.pdf|False
Ng'ona|Construction Of Solar Powered Borehole At Kawambwa Correctional Service|2024|Approved||Health|Infrastructure|Kawambwa|KAWAMBWA-COMMUNITY-PROJECTS-2024.pdf|False
Ng'ona|Construction Of Solar Powered Borehole At Kapako Hp|2024|Approved||Health|Infrastructure|Kawambwa|KAWAMBWA-COMMUNITY-PROJECTS-2024.pdf|False
Ng'ona|Electrification Of Chisulo Village|2024|Deferred / Not Approved||Energy|Infrastructure|Kawambwa|KAWAMBWA-COMMUNITY-PROJECTS-2024.pdf|False
Ng'ona|Construction Of Staff Houses At Ntulo Combined School|2024|Deferred / Not Approved||Education|Infrastructure|Kawambwa|KAWAMBWA-COMMUNITY-PROJECTS-2024.pdf|False
Ng'ona|Construction Of 1x3 Class Room Block In Pamba Village|2024|Deferred / Not Approved||Education|Infrastructure|Kawambwa|KAWAMBWA-COMMUNITY-PROJECTS-2024.pdf|False
Ng'ona|Constraction Of Postnatal Wing At Lusambo Rural Health Center|2024|Deferred / Not Approved||Health|Infrastructure|Kawambwa|KAWAMBWA-COMMUNITY-PROJECTS-2024.pdf|False
Ng'ona|Construction Of Water Borne Toilets And Installation Of Solar Powered Borehole At District Administaration|2024|Approved||Water And Sanitaion|Infrastructure|Kawambwa|KAWAMBWA-COMMUNITY-PROJECTS-2024.pdf|False
Ng'ona|Construction Of Marternity Annex At Kapako Hp|2024|Approved||Health|Infrastructure|Kawambwa|KAWAMBWA-COMMUNITY-PROJECTS-2024.pdf|False
Ng'ona|Construction Of Marternity Annex At Zakeyo Hp|2024|Approved||Health|Infrastructure|Kawambwa|KAWAMBWA-COMMUNITY-PROJECTS-2024.pdf|False
Ng'ona|Construction Of Two 1x3 Crbs At Chisulo Primary School|2024|Deferred / Not Approved||Education|Infrastructure|Kawambwa|KAWAMBWA-COMMUNITY-PROJECTS-2024.pdf|False
Ng'ona|Road Rehabilitation|2024|Deferred / Not Approved||Education|Infrastructure|Kawambwa|KAWAMBWA-COMMUNITY-PROJECTS-2024.pdf|False
Ng'ona|Water Supply Improvement Project(Medium Density,Newtown,Pwp)|2024|Deferred / Not Approved||Water And Sanitation|Water Supply|Kawambwa|KAWAMBWA-COMMUNITY-PROJECTS-2024.pdf|False
Ng'ona|Construction Of A Modern Community Library|2024|Deferred / Not Approved||Education|Infrastructure|Kawambwa|KAWAMBWA-COMMUNITY-PROJECTS-2024.pdf|False
Ng'ona|Construction Of Ablution Bock At Ng'ona Secondary School|2024|Deferred / Not Approved||Education|Infrastructure|Kawambwa|KAWAMBWA-COMMUNITY-PROJECTS-2024.pdf|False
Ng'ona|Construction Of 1x5 Class Room Block At Ng'ona Secodary School|2024|Deferred / Not Approved||Education|Infrastructure|Kawambwa|KAWAMBWA-COMMUNITY-PROJECTS-2024.pdf|False
Ng'ona|Sinking Of 4 Boreholes In Kote Area|2024|Deferred / Not Approved||Water And Sanitation|Infrastructure|Kawambwa|KAWAMBWA-COMMUNITY-PROJECTS-2024.pdf|False
Ng'ona|Construction Of 1x4 Classroom Block In Kote Village|2024|Deferred / Not Approved||Education|Infrastructure|Kawambwa|KAWAMBWA-COMMUNITY-PROJECTS-2024.pdf|False
Ng'ona|Construction Of Community Market|2024|Deferred / Not Approved||Commence|Infrastructure|Kawambwa|KAWAMBWA-COMMUNITY-PROJECTS-2024.pdf|False
Ng'ona|Construction And Maintance Of Township Roads|2024|Deferred / Not Approved||Infrastructure|Infrastructure|Kawambwa|KAWAMBWA-COMMUNITY-PROJECTS-2024.pdf|False
Ng'ona|Water Reticulation In Newtown Plots|2024|Deferred / Not Approved||Water And Sanitation|Infrastructure|Kawambwa|KAWAMBWA-COMMUNITY-PROJECTS-2024.pdf|False
Ng'ona|Construction Of 1x3 Class Room Block At Kawambwa Central Primary School|2024|Deferred / Not Approved||Education|Infrastructure|Kawambwa|KAWAMBWA-COMMUNITY-PROJECTS-2024.pdf|False
Ntumbachushi|Construction Of Ablution Block And Borehole|2024|Deferred / Not Approved||Education|Infrastructure|Kawambwa|KAWAMBWA-COMMUNITY-PROJECTS-2024.pdf|False
Ntumbachushi|Construction Of Health Post,Borehole And One Staff House|2024|Deferred / Not Approved||Health|Infrastructure|Kawambwa|KAWAMBWA-COMMUNITY-PROJECTS-2024.pdf|False
Ntumbachushi|Constuction Of Borehole,Ablustion Block And Staff House|2024|Deferred / Not Approved||Health|Infrastructure|Kawambwa|KAWAMBWA-COMMUNITY-PROJECTS-2024.pdf|False
Ntumbachushi|Construction Of 1x3 Classroom Block And 3 Staff Houses|2024|Deferred / Not Approved||Education|Infrastructure|Kawambwa|KAWAMBWA-COMMUNITY-PROJECTS-2024.pdf|False
Senga|Construction Of Solar Powered Borehole At Mufwaya Primary School|2024|Approved||Education|Infrastructure|Kawambwa|KAWAMBWA-COMMUNITY-PROJECTS-2024.pdf|False
Senga|Construction Of Staff Houses At Munganushi Primary School|2024|Deferred / Not Approved||Education|Infrastructure|Kawambwa|KAWAMBWA-COMMUNITY-PROJECTS-2024.pdf|False
Senga|Construction Of 1x3 Crb At Chisheta Primary School|2024|Deferred / Not Approved||Education|Infrastructure|Kawambwa|KAWAMBWA-COMMUNITY-PROJECTS-2024.pdf|False
Senga|Rehabilitation Of Ablution Block At Chisheta Primary School|2024|Deferred / Not Approved||Education|Infrastructure|Kawambwa|KAWAMBWA-COMMUNITY-PROJECTS-2024.pdf|False
Senga|Construction Of 2 Staff Houses At Ntenke Primary School|2024|Deferred / Not Approved||Education|Infrastructure|Kawambwa|KAWAMBWA-COMMUNITY-PROJECTS-2024.pdf|False
Senga|Construction Of 2 Teacher Houses|2024|Deferred / Not Approved||Education|Infrastructure|Kawambwa|KAWAMBWA-COMMUNITY-PROJECTS-2024.pdf|False
Senga|Construction Of 1x4 Classroom Block At Chisheta Primary School|2024|Deferred / Not Approved||Education|Infrastructure|Kawambwa|KAWAMBWA-COMMUNITY-PROJECTS-2024.pdf|False
Senga|Construction Of Staff Houses At Mufwaya Health Center|2024|Deferred / Not Approved||Health|Infrastructure|Kawambwa|KAWAMBWA-COMMUNITY-PROJECTS-2024.pdf|False
Senga|Construction Of Ablution Block At Shinonde Primary School|2024|Deferred / Not Approved||Education|Infrastructure|Kawambwa|KAWAMBWA-COMMUNITY-PROJECTS-2024.pdf|False
Senga|Water Reticulation At Kawambwa Technical School|2024|Deferred / Not Approved||Education|Infrastructure|Kawambwa|KAWAMBWA-COMMUNITY-PROJECTS-2024.pdf|False
Senga|Feeder Road Reconstruction|2024|Deferred / Not Approved||Transport|Infrastructure|Kawambwa|KAWAMBWA-COMMUNITY-PROJECTS-2024.pdf|False
All Wards|Procurement Of Ambulance|2024|Approved||Health|Infrastructure|Pambashe|PAMBASHE-COMMUNITY-PROJECTS-2024-.pdf|False
All Wards|Provision Of Desks|2024|Approved||Education|Infrastructure|Pambashe|PAMBASHE-COMMUNITY-PROJECTS-2024-.pdf|False
All Wards|Procurement Of Skip Bins|2024|Approved||Waste Managemen T|Infrastructure|Pambashe|PAMBASHE-COMMUNITY-PROJECTS-2024-.pdf|False
All Wards|Bins And Equipment|2024|Approved||Waste Managemen T|Infrastructure|Pambashe|PAMBASHE-COMMUNITY-PROJECTS-2024-.pdf|False
All Wards|Procurement Of One Motorbike For Retainers|2024|Approved||Traditional Affairs|Infrastructure|Pambashe|PAMBASHE-COMMUNITY-PROJECTS-2024-.pdf|False
Chibote|Construction Of Domitory Block|2024|Deferred / Not Approved||Education|Infrastructure|Pambashe|PAMBASHE-COMMUNITY-PROJECTS-2024-.pdf|False
Chibote|Construction Of 10 Km Road(Chibote-Alex)|2024|Deferred / Not Approved||Transport|Infrastructure|Pambashe|PAMBASHE-COMMUNITY-PROJECTS-2024-.pdf|False
Chibote|Installation Of A Borehore At Katondo Village|2024|Deferred / Not Approved||Health|Infrastructure|Pambashe|PAMBASHE-COMMUNITY-PROJECTS-2024-.pdf|False
Chibote|Construction Of 1x3 Crb At Kapombo Community|2024|Deferred / Not Approved||Education|Infrastructure|Pambashe|PAMBASHE-COMMUNITY-PROJECTS-2024-.pdf|False
Chibote|Water Transport|2024|Deferred / Not Approved||Transport|Infrastructure|Pambashe|PAMBASHE-COMMUNITY-PROJECTS-2024-.pdf|False
Chibote|Road Network From Chibote To Mambwe|2024|Deferred / Not Approved||Transport|Infrastructure|Pambashe|PAMBASHE-COMMUNITY-PROJECTS-2024-.pdf|False
Chibote|1x3 Crbt Bruno Community|2024|Deferred / Not Approved||Education|Infrastructure|Pambashe|PAMBASHE-COMMUNITY-PROJECTS-2024-.pdf|False
Chibote|Rehabilitation Of 2 Km Feader Road Chisengele Village|2024|Deferred / Not Approved||Transport|Infrastructure|Pambashe|PAMBASHE-COMMUNITY-PROJECTS-2024-.pdf|False
Chibote|Construction Of Solar Powered Borehole At Chama|2024|Approved||Health|Infrastructure|Pambashe|PAMBASHE-COMMUNITY-PROJECTS-2024-.pdf|False
Chibote|Construction Of Solar Powered Borehole At Mambwe Hp|2024|Approved||Health|Infrastructure|Pambashe|PAMBASHE-COMMUNITY-PROJECTS-2024-.pdf|False
Chikanda|Construction Of A Feader Road(Kota-Folotiya)|2024|Deferred / Not Approved||Transport|Infrastructure|Pambashe|PAMBASHE-COMMUNITY-PROJECTS-2024-.pdf|False
Chikanda|Construction Of A Health Post At Shebele|2024|Deferred / Not Approved||Health|Infrastructure|Pambashe|PAMBASHE-COMMUNITY-PROJECTS-2024-.pdf|False
Chikanda|Construction Of A Health Post At Finsundo Community|2024|Deferred / Not Approved||Health|Infrastructure|Pambashe|PAMBASHE-COMMUNITY-PROJECTS-2024-.pdf|False
Chikanda|Construction Of Flush Toilets At Folotiya Pri. School|2024|Deferred / Not Approved||Education|Infrastructure|Pambashe|PAMBASHE-COMMUNITY-PROJECTS-2024-.pdf|False
Chikanda|Construction Of Health Post At Lungombe|2024|Deferred / Not Approved||Health|Infrastructure|Pambashe|PAMBASHE-COMMUNITY-PROJECTS-2024-.pdf|False
Chikanda|Construction Of Health & And Agriculture Shade At Kota|2024|Deferred / Not Approved||Health/ Agriculture|Infrastructure|Pambashe|PAMBASHE-COMMUNITY-PROJECTS-2024-.pdf|False
Chikanda|Construction Of 1x3 Crb At Ntumbo Primary & 2 Staff Houses|2024|Deferred / Not Approved||Education|Infrastructure|Pambashe|PAMBASHE-COMMUNITY-PROJECTS-2024-.pdf|False
Chikanda|Maternity Wing At Kota Clinic|2024|Deferred / Not Approved||Health|Infrastructure|Pambashe|PAMBASHE-COMMUNITY-PROJECTS-2024-.pdf|False
Chikanda|Construction Of A Clinic At Folotiya Community|2024|Deferred / Not Approved||Health|Infrastructure|Pambashe|PAMBASHE-COMMUNITY-PROJECTS-2024-.pdf|False
Chikanda|Construction Of Two Staff Houses At Folotiya Primary School.|2024|Deferred / Not Approved||Education|Infrastructure|Pambashe|PAMBASHE-COMMUNITY-PROJECTS-2024-.pdf|False
Chikanda|Construction Of A Borehole At Manjelebwe Community|2024|Deferred / Not Approved||Water|Infrastructure|Pambashe|PAMBASHE-COMMUNITY-PROJECTS-2024-.pdf|False
Chikanda|Construction Of Martenity Annex At Kota Hp|2024|Approved||Health|Infrastructure|Pambashe|PAMBASHE-COMMUNITY-PROJECTS-2024-.pdf|False
Chimpili|Construction Of 1 Staff House (Rhc) At Musundu|2024|Deferred / Not Approved||Health|Infrastructure|Pambashe|PAMBASHE-COMMUNITY-PROJECTS-2024-.pdf|False
Chimpili|Construction Of Camp Officer's House|2024|Deferred / Not Approved||Agriculture|Infrastructure|Pambashe|PAMBASHE-COMMUNITY-PROJECTS-2024-.pdf|False
Chimpili|Construction Of Class Room Block|2024|Deferred / Not Approved||Education|Infrastructure|Pambashe|PAMBASHE-COMMUNITY-PROJECTS-2024-.pdf|False
Chimpili|Construction Of1x3 Class Room|2024|Deferred / Not Approved||Education|Infrastructure|Pambashe|PAMBASHE-COMMUNITY-PROJECTS-2024-.pdf|False
Chimpili|Consrtruction Of 1x3 Class Room Block|2024|Deferred / Not Approved||Education|Infrastructure|Pambashe|PAMBASHE-COMMUNITY-PROJECTS-2024-.pdf|False
Chimpili|Construction Of 1x3 Class Room Block,2 Staff Houses & Ablution Blok|2024|Deferred / Not Approved||Education|Infrastructure|Pambashe|PAMBASHE-COMMUNITY-PROJECTS-2024-.pdf|False
Chimpili|Construction Of Solar Powered Borehole At Chimpili|2024|Approved||Health|Infrastructure|Pambashe|PAMBASHE-COMMUNITY-PROJECTS-2024-.pdf|False
Chimpili|Installation Of A Borehole At Mukanga|2024|Deferred / Not Approved||Water|Infrastructure|Pambashe|PAMBASHE-COMMUNITY-PROJECTS-2024-.pdf|False
Filenge|Constraction Of Road|2024|Deferred / Not Approved||Transport|Infrastructure|Pambashe|PAMBASHE-COMMUNITY-PROJECTS-2024-.pdf|False
Filenge|2 Staff House|2024|Deferred / Not Approved||Health|Infrastructure|Pambashe|PAMBASHE-COMMUNITY-PROJECTS-2024-.pdf|False
Filenge|Construction Of 11kmroad|2024|Deferred / Not Approved||Transport|Infrastructure|Pambashe|PAMBASHE-COMMUNITY-PROJECTS-2024-.pdf|False
Filenge|Rehabilitation Of 2 Staff Houses|2024|Deferred / Not Approved||Eduction|Infrastructure|Pambashe|PAMBASHE-COMMUNITY-PROJECTS-2024-.pdf|False
Filenge|Construction Of Health Post|2024|Deferred / Not Approved||Health|Infrastructure|Pambashe|PAMBASHE-COMMUNITY-PROJECTS-2024-.pdf|False
Filenge|Construction Of 1x3 Crb And2 Staff Houses|2024|Deferred / Not Approved||Eduction|Infrastructure|Pambashe|PAMBASHE-COMMUNITY-PROJECTS-2024-.pdf|False
Filenge|Construction Of2 Staff Houses,Maternety Wing And Toilets|2024|Deferred / Not Approved||Health|Infrastructure|Pambashe|PAMBASHE-COMMUNITY-PROJECTS-2024-.pdf|False
Filenge|Construction Of 1x3 Crb|2024|Deferred / Not Approved||Education|Infrastructure|Pambashe|PAMBASHE-COMMUNITY-PROJECTS-2024-.pdf|False
Filenge|Installation Of Bore Hole|2024|Deferred / Not Approved||Health|Infrastructure|Pambashe|PAMBASHE-COMMUNITY-PROJECTS-2024-.pdf|False
Filenge|5 Construction Of Staff House|2024|Deferred / Not Approved||Education|Infrastructure|Pambashe|PAMBASHE-COMMUNITY-PROJECTS-2024-.pdf|False
Filenge|Construction Of Five Staff Houses At Kanengo Sec. School.|2024|Deferred / Not Approved||Education|Infrastructure|Pambashe|PAMBASHE-COMMUNITY-PROJECTS-2024-.pdf|False
Filenge|Installation Of Borehloe At Lengwe/Kapenya Zone|2024|Deferred / Not Approved||Water|Infrastructure|Pambashe|PAMBASHE-COMMUNITY-PROJECTS-2024-.pdf|False
Filenge|Construction Of 1x3 Crb At Kanengo Primary School|2024|Deferred / Not Approved||Education|Infrastructure|Pambashe|PAMBASHE-COMMUNITY-PROJECTS-2024-.pdf|False
Filenge|Construction Of 1x3 Crb At Kabombo Primary School.|2024|Deferred / Not Approved||Education|Infrastructure|Pambashe|PAMBASHE-COMMUNITY-PROJECTS-2024-.pdf|False
Filenge|Construction Of 1x3 Crb At Mweo Primary School|2024|Deferred / Not Approved||Education|Infrastructure|Pambashe|PAMBASHE-COMMUNITY-PROJECTS-2024-.pdf|False
Filenge|Construction Of Two Staff Houses,Martenity Wing & Toilets At Mweo Health Post|2024|Deferred / Not Approved||Health|Infrastructure|Pambashe|PAMBASHE-COMMUNITY-PROJECTS-2024-.pdf|False
Filenge|Construction Of 1x3 Crb At Kabombo Primary School|2024|Deferred / Not Approved||Education|Infrastructure|Pambashe|PAMBASHE-COMMUNITY-PROJECTS-2024-.pdf|False
Filenge|Construction Of Ablution Block At Chisembe Primary School|2024|Deferred / Not Approved||Education|Infrastructure|Pambashe|PAMBASHE-COMMUNITY-PROJECTS-2024-.pdf|False
Filenge|Construction Of Solar Powered Borehole At Mweo Hp|2024|Approved||Health|Infrastructure|Pambashe|PAMBASHE-COMMUNITY-PROJECTS-2024-.pdf|False
Ilombe|Construction Of 1x3 Crb,Toilts Offices And Desks|2024|Deferred / Not Approved||Education|Infrastructure|Pambashe|PAMBASHE-COMMUNITY-PROJECTS-2024-.pdf|False
Ilombe|Procurement Of Furniture At Mushota Local Court|2024|Deferred / Not Approved||Legal|Infrastructure|Pambashe|PAMBASHE-COMMUNITY-PROJECTS-2024-.pdf|False
Ilombe|Construction Of Ablution Block|2024|Deferred / Not Approved||Education|Infrastructure|Pambashe|PAMBASHE-COMMUNITY-PROJECTS-2024-.pdf|False
Ilombe|Cinstruction Of Maernity Wing|2024|Deferred / Not Approved||Health|Infrastructure|Pambashe|PAMBASHE-COMMUNITY-PROJECTS-2024-.pdf|False
Ilombe|Contruction Of 1x3 Crb And Ablution Block|2024|Deferred / Not Approved||Education|Infrastructure|Pambashe|PAMBASHE-COMMUNITY-PROJECTS-2024-.pdf|False
Ilombe|Construction Of 1x3 Crb|2024|Deferred / Not Approved||Education|Infrastructure|Pambashe|PAMBASHE-COMMUNITY-PROJECTS-2024-.pdf|False
Ilombe|Construction Of Martenity Annex At Buyaka Hp|2024|Approved||Health|Infrastructure|Pambashe|PAMBASHE-COMMUNITY-PROJECTS-2024-.pdf|False
Ilombe|Construction Of Solar Powered Borehole At Buyaka Hp|2024|Approved||Health|Infrastructure|Pambashe|PAMBASHE-COMMUNITY-PROJECTS-2024-.pdf|False
Ilombe|Construction Of Solar Powered Borehole At Mushota Market|2024|Approved||Local Government|Infrastructure|Pambashe|PAMBASHE-COMMUNITY-PROJECTS-2024-.pdf|False
Kabanse|Rural Electrification|2024|Deferred / Not Approved||Energy||Pambashe|PAMBASHE-COMMUNITY-PROJECTS-2024-.pdf|False
Kabanse|Construction Of Chiefs Palace|2024|Deferred / Not Approved||Traditional Affairs|Infrastructure|Pambashe|PAMBASHE-COMMUNITY-PROJECTS-2024-.pdf|False
Kabanse|Reabilitation Of Road In Kabanda|2024|Deferred / Not Approved||Transport|Infrastructure|Pambashe|PAMBASHE-COMMUNITY-PROJECTS-2024-.pdf|False
Kabanse|Contruction Of Agriculture Camp House|2024|Deferred / Not Approved||Agriculture|Infrastructure|Pambashe|PAMBASHE-COMMUNITY-PROJECTS-2024-.pdf|False
Kabanse|Construction Of 1x3 Crb At Kamumba|2024|Deferred / Not Approved||Education|Infrastructure|Pambashe|PAMBASHE-COMMUNITY-PROJECTS-2024-.pdf|False
Kabanse|Rehabilitation Of Road & Rural Electrification|2024|Deferred / Not Approved||Energy|Infrastructure|Pambashe|PAMBASHE-COMMUNITY-PROJECTS-2024-.pdf|False
Kabanse|Construction Of Martenity Annex At Chitotela Hp|2024|Approved||Health|Infrastructure|Pambashe|PAMBASHE-COMMUNITY-PROJECTS-2024-.pdf|False
Kabanse|Construction Of Solar Powered Borehole At Chimpempe|2024|Approved||Health|Infrastructure|Pambashe|PAMBASHE-COMMUNITY-PROJECTS-2024-.pdf|False
Kabanse|Construction Of Solar Powered Borehole At Kabanda|2024|Approved||Health|Infrastructure|Pambashe|PAMBASHE-COMMUNITY-PROJECTS-2024-.pdf|False
Luongo|Construction Of Girls Dormitories At Chishinga Secondary School & 1x4 Crb|2024|Deferred / Not Approved||Education|Infrastructure|Pambashe|PAMBASHE-COMMUNITY-PROJECTS-2024-.pdf|False
Luongo|Construction Of Feader Raod And Bridge At Nachalo|2024|Deferred / Not Approved||Transport|Infrastructure|Pambashe|PAMBASHE-COMMUNITY-PROJECTS-2024-.pdf|False
Luongo|Construction Of 1 Staff House And Vip Toilets At Musungu Health Clinic|2024|Deferred / Not Approved||Health|Infrastructure|Pambashe|PAMBASHE-COMMUNITY-PROJECTS-2024-.pdf|False
Luongo|Construction Of 1x3 Crb At Chishinga Community|2024|Deferred / Not Approved||Education|Infrastructure|Pambashe|PAMBASHE-COMMUNITY-PROJECTS-2024-.pdf|False
Luongo|Construction Of 2 Staff Houses At Kasonde Zone|2024|Deferred / Not Approved||Education|Infrastructure|Pambashe|PAMBASHE-COMMUNITY-PROJECTS-2024-.pdf|False
Luongo|Construction Of Ablution Block At Musungu Primary School|2024|Deferred / Not Approved||Education|Infrastructure|Pambashe|PAMBASHE-COMMUNITY-PROJECTS-2024-.pdf|False
Lushiba|Construction Of 1x3 Crb And2 Staff Houses And Ablution Block|2024|Deferred / Not Approved||Education|Infrastructure|Pambashe|PAMBASHE-COMMUNITY-PROJECTS-2024-.pdf|False
Lushiba|Construction Of Road|2024|Deferred / Not Approved||Transport|Infrastructure|Pambashe|PAMBASHE-COMMUNITY-PROJECTS-2024-.pdf|False
Lushiba|Constructin Of 1x4 Crb|2024|Deferred / Not Approved||Education|Infrastructure|Pambashe|PAMBASHE-COMMUNITY-PROJECTS-2024-.pdf|False
Mulunda|Completion Of 1x3 Crb &Construction Of 2 Staff Houses|2024|Deferred / Not Approved||Eduction|Infrastructure|Pambashe|PAMBASHE-COMMUNITY-PROJECTS-2024-.pdf|False
Mulunda|Construction Of A Health Post|2024|Deferred / Not Approved||Health|Infrastructure|Pambashe|PAMBASHE-COMMUNITY-PROJECTS-2024-.pdf|False
Mulunda|Construction Of 1x3 Crb|2024|Deferred / Not Approved||Education|Infrastructure|Pambashe|PAMBASHE-COMMUNITY-PROJECTS-2024-.pdf|False
Mulunda|Maintainance Of Roads|2024|Deferred / Not Approved||Transport|Infrastructure|Pambashe|PAMBASHE-COMMUNITY-PROJECTS-2024-.pdf|False
Mulunda|Construction Of 1x2 Class Room Block|2024|Deferred / Not Approved||Education|Infrastructure|Pambashe|PAMBASHE-COMMUNITY-PROJECTS-2024-.pdf|False
Mulunda|Construction Of 2 Staff Houses At Chungu Zone|2024|Deferred / Not Approved||Education|Infrastructure|Pambashe|PAMBASHE-COMMUNITY-PROJECTS-2024-.pdf|False
Mulunda|Construction Of A Road|2024|Deferred / Not Approved||Transport|Infrastructure|Pambashe|PAMBASHE-COMMUNITY-PROJECTS-2024-.pdf|False
Mulunda|Rehabilitation Of 6 Staff Houses At Mawaya Primary School|2024|Deferred / Not Approved||Education|Infrastructure|Pambashe|PAMBASHE-COMMUNITY-PROJECTS-2024-.pdf|False
Pambashe|Construction Of Storage Shade|2024|Deferred / Not Approved||Agriculture|Infrastructure|Pambashe|PAMBASHE-COMMUNITY-PROJECTS-2024-.pdf|False
Pambashe|Construction Of 2 Staff Houses At Pambashe Primary School|2024|Deferred / Not Approved||Education|Infrastructure|Pambashe|PAMBASHE-COMMUNITY-PROJECTS-2024-.pdf|False
Pambashe|Water -Tank Submisibel Pump & Mothers Shelter|2024|Deferred / Not Approved||Health|Infrastructure|Pambashe|PAMBASHE-COMMUNITY-PROJECTS-2024-.pdf|False
Pambashe|Electrification Of 1x3 Crb|2024|Deferred / Not Approved||Education|Energy|Pambashe|PAMBASHE-COMMUNITY-PROJECTS-2024-.pdf|False
Pambashe|Construction Of 1x3 Class Room Block|2024|Deferred / Not Approved||Education|Infrastructure|Pambashe|PAMBASHE-COMMUNITY-PROJECTS-2024-.pdf|False
Pambashe|Construction Of Borehole|2024|Deferred / Not Approved||Water|Infrastructure|Pambashe|PAMBASHE-COMMUNITY-PROJECTS-2024-.pdf|False
Pambashe|Construction Of 1x3 Crb,Staff Houses & Ablution Block|2024|Deferred / Not Approved||Education|Infrastructure|Pambashe|PAMBASHE-COMMUNITY-PROJECTS-2024-.pdf|False
Pambashe|Construction Of Solar Powered Borehole At Kota Hp|2024|Approved||Health|Infrastructure|Pambashe|PAMBASHE-COMMUNITY-PROJECTS-2024-.pdf|False
All Wards|Procurement Of Tipper Truck, Grader, Tlb/Excavator And Water Bowser|2025|Approved||Roads||Kawambwa|2025-KAWAMBWA-COMM-PROJECTS-UPDATED.pdf|False
All Wards|Completion Construction Of Office Block At Civic Center, Solar And Office Equipment And Furniture|2025|Approved||Local Government||Kawambwa|2025-KAWAMBWA-COMM-PROJECTS-UPDATED.pdf|False
All Wards|Kawambwa District Hospital Mortuary Solar Equipment|2025|Approved||Health||Kawambwa|2025-KAWAMBWA-COMM-PROJECTS-UPDATED.pdf|False
Fisaka|Construction Of 1x3 Classroom Block|2025|Deferred / Not Approved||Education||Kawambwa|2025-KAWAMBWA-COMM-PROJECTS-UPDATED.pdf|False
Senga|Construction Of 1x6 Classroom Block|2025|Deferred / Not Approved||Education||Kawambwa|2025-KAWAMBWA-COMM-PROJECTS-UPDATED.pdf|False
Senga|Construction Of Feeder Roads|2025|Deferred / Not Approved||Transport||Kawambwa|2025-KAWAMBWA-COMM-PROJECTS-UPDATED.pdf|False
Senga|Water Reticulation|2025|Deferred / Not Approved||Water||Kawambwa|2025-KAWAMBWA-COMM-PROJECTS-UPDATED.pdf|False
Senga|Construction Of Teachers Houses.|2025|Deferred / Not Approved||Education||Kawambwa|2025-KAWAMBWA-COMM-PROJECTS-UPDATED.pdf|False
Senga|Construction Of Maternity Wing And Two Staff Houses|2025|Deferred / Not Approved||Health||Kawambwa|2025-KAWAMBWA-COMM-PROJECTS-UPDATED.pdf|False
Kawambwa|Construction Of Class Room Block|2025|Deferred / Not Approved||Education||Kawambwa|2025-KAWAMBWA-COMM-PROJECTS-UPDATED.pdf|False
Kawambwa|Construction Of Solar Borehole|2025|Deferred / Not Approved||Water||Kawambwa|2025-KAWAMBWA-COMM-PROJECTS-UPDATED.pdf|False
Kawambwa|Construction Of Wall Fence|2025|Deferred / Not Approved||Education||Kawambwa|2025-KAWAMBWA-COMM-PROJECTS-UPDATED.pdf|False
Kawambwa|Construction Of Sports Centre|2025|Deferred / Not Approved||Infrastructure||Kawambwa|2025-KAWAMBWA-COMM-PROJECTS-UPDATED.pdf|False
Kawambwa|Feeder Roads Construction|2025|Deferred / Not Approved||Road||Kawambwa|2025-KAWAMBWA-COMM-PROJECTS-UPDATED.pdf|False
Fisaka|Construction Of Teachers Houses.|2025|Deferred / Not Approved||Education||Kawambwa|2025-KAWAMBWA-COMM-PROJECTS-UPDATED.pdf|False
Iyanga|Installation Of Water Tank|2025|Deferred / Not Approved||Water||Kawambwa|2025-KAWAMBWA-COMM-PROJECTS-UPDATED.pdf|False
Iyanga|Installation Of Water Tank And Ablution Block|2025|Deferred / Not Approved||Water||Kawambwa|2025-KAWAMBWA-COMM-PROJECTS-UPDATED.pdf|False
Iyanga|Installation Of Water System|2025|Deferred / Not Approved||Water||Kawambwa|2025-KAWAMBWA-COMM-PROJECTS-UPDATED.pdf|False
Iyanga|Construction Of 1x3 Classroom Block And Ablution Block|2025|Deferred / Not Approved||Water And Education||Kawambwa|2025-KAWAMBWA-COMM-PROJECTS-UPDATED.pdf|False
Iyanga|Construction Of Ablution Block|2025|Deferred / Not Approved||Education||Kawambwa|2025-KAWAMBWA-COMM-PROJECTS-UPDATED.pdf|False
Iyanga|Construction Of Staff Houses|2025|Deferred / Not Approved||Health||Kawambwa|2025-KAWAMBWA-COMM-PROJECTS-UPDATED.pdf|False
Iyanga|Construction Of Boarding Houses|2025|Deferred / Not Approved||Education||Kawambwa|2025-KAWAMBWA-COMM-PROJECTS-UPDATED.pdf|False
Lushiba|Drilling Of Boreholes|2025|Deferred / Not Approved||Infrastructure||Kawambwa|2025-KAWAMBWA-COMM-PROJECTS-UPDATED.pdf|False
Lushiba|Construction Of Boarding Houses|2025|Deferred / Not Approved||Health||Kawambwa|2025-KAWAMBWA-COMM-PROJECTS-UPDATED.pdf|False
Lushiba|Construction Of Two Staff Houses|2025|Deferred / Not Approved||Education||Kawambwa|2025-KAWAMBWA-COMM-PROJECTS-UPDATED.pdf|False
Lushiba|Construction Of 1x4 Classroom Block|2025|Deferred / Not Approved||Education||Kawambwa|2025-KAWAMBWA-COMM-PROJECTS-UPDATED.pdf|False
Lushiba|Feeder Roads Construction|2025|Deferred / Not Approved||Road||Kawambwa|2025-KAWAMBWA-COMM-PROJECTS-UPDATED.pdf|False
Lushiba|Construction Of 1x3 Classroom Block, Staff house and Ablution Block|2025|Deferred / Not Approved||Education||Kawambwa|2025-KAWAMBWA-COMM-PROJECTS-UPDATED.pdf|False
Ntumbachushi|Construction Of Staff House, Ablution Block And Water Scheme At Misakalala Health Facility|2025|Approved||Health||Kawambwa|2025-KAWAMBWA-COMM-PROJECTS-UPDATED.pdf|False
Lushiba|Construction Of Ablution Block And Water Scheme At Kamfukeshi Health Facility|2025|Approved||Health||Kawambwa|2025-KAWAMBWA-COMM-PROJECTS-UPDATED.pdf|False
Lushiba|Construction Of Ablution Block At Mwangwe Health Facility|2025|Deferred / Not Approved||Health||Kawambwa|2025-KAWAMBWA-COMM-PROJECTS-UPDATED.pdf|False
Lushiba|Construction Of 1x3 Classroom Block And Ablution Block|2025|Deferred / Not Approved||Education||Kawambwa|2025-KAWAMBWA-COMM-PROJECTS-UPDATED.pdf|False
Ntumbachushi|Construction Of 2 Storey 6 Cl/Room Block|2025|Deferred / Not Approved||Education||Kawambwa|2025-KAWAMBWA-COMM-PROJECTS-UPDATED.pdf|False
Luena|Construction Of Teachers Houses|2025|Deferred / Not Approved||Education||Kawambwa|2025-KAWAMBWA-COMM-PROJECTS-UPDATED.pdf|False
Luena|Construction Of 3 Staff Houses|2025|Deferred / Not Approved||Education||Kawambwa|2025-KAWAMBWA-COMM-PROJECTS-UPDATED.pdf|False
Kawambwa|Construction Of Ablution Block|2025|Deferred / Not Approved||Education||Kawambwa|2025-KAWAMBWA-COMM-PROJECTS-UPDATED.pdf|False
Kawambwa|Installation Of Water And Sanitation|2025|Deferred / Not Approved||Education||Kawambwa|2025-KAWAMBWA-COMM-PROJECTS-UPDATED.pdf|False
Kala|Construction Of Market|2025|Deferred / Not Approved||Trade||Kawambwa|2025-KAWAMBWA-COMM-PROJECTS-UPDATED.pdf|False
Senga|Construction Of Staff House At Muchulila Health Facility|2025|Approved||Health||Kawambwa|2025-KAWAMBWA-COMM-PROJECTS-UPDATED.pdf|False
Kala|Construction Of 1x3 Classroom Block And Ablution Block|2025|Deferred / Not Approved||Education||Kawambwa|2025-KAWAMBWA-COMM-PROJECTS-UPDATED.pdf|False
Fisaka|Construction Of 1x5 Classroom Block,Ablution Block With Water Reticulation|2025|Deferred / Not Approved||Education||Kawambwa|2025-KAWAMBWA-COMM-PROJECTS-UPDATED.pdf|False
Fisaka|Construction Of 1x3 Classroom Block And Ablution Block|2025|Deferred / Not Approved||Education||Kawambwa|2025-KAWAMBWA-COMM-PROJECTS-UPDATED.pdf|False
Luena|Construction Of 1x3 Classroom Block And Ablution Block|2025|Deferred / Not Approved||Education||Kawambwa|2025-KAWAMBWA-COMM-PROJECTS-UPDATED.pdf|False
Ng'ona|Construction Of Health Post, Staff House And Water Reticulation At Kampemba|2025|Deferred / Not Approved||Health||Kawambwa|2025-KAWAMBWA-COMM-PROJECTS-UPDATED.pdf|False
Ng'ona|Water Reticulation|2025|Deferred / Not Approved||Health||Kawambwa|2025-KAWAMBWA-COMM-PROJECTS-UPDATED.pdf|False
Ng'ona|Water Reticulation/Sanitation|2025|Deferred / Not Approved||Health||Kawambwa|2025-KAWAMBWA-COMM-PROJECTS-UPDATED.pdf|False
Ng'ona|Gravelling|2025|Deferred / Not Approved||Transport||Kawambwa|2025-KAWAMBWA-COMM-PROJECTS-UPDATED.pdf|False
Ng'ona|Construction Of Secondary School|2025|Deferred / Not Approved||Education||Kawambwa|2025-KAWAMBWA-COMM-PROJECTS-UPDATED.pdf|False
Ng'ona|Office Renovation|2025|Deferred / Not Approved||Education||Kawambwa|2025-KAWAMBWA-COMM-PROJECTS-UPDATED.pdf|False
Ng'ona|Installation Of Solar Powered Borehole And Ablution Block|2025|Deferred / Not Approved||Health||Kawambwa|2025-KAWAMBWA-COMM-PROJECTS-UPDATED.pdf|False
Ng'ona|Rehabilitation Of Office Block And Construction Of Offices|2025|Approved||Administration||Kawambwa|2025-KAWAMBWA-COMM-PROJECTS-UPDATED.pdf|False
Ng'ona|Construction Of Classroom Block|2025|Deferred / Not Approved||Education||Kawambwa|2025-KAWAMBWA-COMM-PROJECTS-UPDATED.pdf|False
Ng'ona|Construction Of 1x3 Classroom Block And Ablution Block|2025|Deferred / Not Approved||Education||Kawambwa|2025-KAWAMBWA-COMM-PROJECTS-UPDATED.pdf|False
Ng'ona|Construction Of Maternity Wing|2025|Deferred / Not Approved||Health||Kawambwa|2025-KAWAMBWA-COMM-PROJECTS-UPDATED.pdf|False
Ng'ona|Construction Of 1x5 Classroom Block|2025|Deferred / Not Approved||Education||Kawambwa|2025-KAWAMBWA-COMM-PROJECTS-UPDATED.pdf|False
Ng'ona|Construction Of Sec Sch|2025|Deferred / Not Approved||Education||Kawambwa|2025-KAWAMBWA-COMM-PROJECTS-UPDATED.pdf|False
Fisaka|Construction Of 2x3 Classroom Block|2025|Deferred / Not Approved||Education||Kawambwa|2025-KAWAMBWA-COMM-PROJECTS-UPDATED.pdf|False
All Wards|Procurement Of Two Tipper Trucks, Grader And Tlb/Excavator|2025|Approved||Roads||Pambashe|2025-Pambashe-CommProjects-updated.pdf|False
All Wards|Completion Construction Of Office Block At Civic Center, Solar And Office Equipment And Furniture|2025|Approved||Local Government||Pambashe|2025-Pambashe-CommProjects-updated.pdf|False
All Wards|Kawambwa District Hospital Mortuary Solar Equipment|2025|Approved||Health||Pambashe|2025-Pambashe-CommProjects-updated.pdf|False
Filenge|Construction Of 1x3 Classroom Block|2025|Deferred / Not Approved||Education||Pambashe|2025-Pambashe-CommProjects-updated.pdf|False
Filenge|2xhouses, 3xtoilets And A Maternity Wing|2025|Deferred / Not Approved||Health||Pambashe|2025-Pambashe-CommProjects-updated.pdf|False
Filenge|2xpta Houses|2025|Deferred / Not Approved||Education||Pambashe|2025-Pambashe-CommProjects-updated.pdf|False
Filenge|1xhouse|2025|Deferred / Not Approved||Agriculture||Pambashe|2025-Pambashe-CommProjects-updated.pdf|False
Filenge|Ix3 Classroom Block|2025|Deferred / Not Approved||Education||Pambashe|2025-Pambashe-CommProjects-updated.pdf|False
Filenge|Rehabilitation Of 2 Xstaff Houses|2025|Deferred / Not Approved||Education||Pambashe|2025-Pambashe-CommProjects-updated.pdf|False
Filenge|Market|2025|Deferred / Not Approved||Commerce||Pambashe|2025-Pambashe-CommProjects-updated.pdf|False
Filenge|5x Houses|2025|Deferred / Not Approved||Education||Pambashe|2025-Pambashe-CommProjects-updated.pdf|False
Filenge|1x3classroom Block And 2x Houses|2025|Deferred / Not Approved||Education||Pambashe|2025-Pambashe-CommProjects-updated.pdf|False
Filenge|Ablution Block And A Health Facility at Kayumba|2025|Approved||Education / Health||Pambashe|2025-Pambashe-CommProjects-updated.pdf|False
Filenge|Ablution Block|2025|Deferred / Not Approved||Education||Pambashe|2025-Pambashe-CommProjects-updated.pdf|False
Chimpili|1x3 Classroom Block,4xstaff Houses, Water Borne Toilet And Stand Alone Ece Classroom Block|2025|Deferred / Not Approved||Education||Pambashe|2025-Pambashe-CommProjects-updated.pdf|False
Chimpili|Road, 2x Bridges, 1x2 Class Room Block , Water Solar Installation And 2x Teachers Houses|2025|Deferred / Not Approved||Education||Pambashe|2025-Pambashe-CommProjects-updated.pdf|False
Chimpili|Mingomba / Kanga Road|2025|Deferred / Not Approved||Infrastructure||Pambashe|2025-Pambashe-CommProjects-updated.pdf|False
Chimpili|Police Post|2025|Deferred / Not Approved||Home Afairs||Pambashe|2025-Pambashe-CommProjects-updated.pdf|False
Chimpili|Classroom Block|2025|Deferred / Not Approved||Education||Pambashe|2025-Pambashe-CommProjects-updated.pdf|False
Ilombe|Furniture, Laboratory Equipments And Materials And Sports Equipments|2025|Deferred / Not Approved||Education||Pambashe|2025-Pambashe-CommProjects-updated.pdf|False
Ilombe|Matresses, Furniture And Sports Equipment|2025|Deferred / Not Approved||Education||Pambashe|2025-Pambashe-CommProjects-updated.pdf|False
Ilombe|Water Project|2025|Deferred / Not Approved||Water Development||Pambashe|2025-Pambashe-CommProjects-updated.pdf|False
Ilombe|1x3 Classroom Block Crb, Ablution Block, Staff Houses And Bad Road|2025|Deferred / Not Approved||Education||Pambashe|2025-Pambashe-CommProjects-updated.pdf|False
Ilombe|1x3 Classroom Block|2025|Deferred / Not Approved||Education||Pambashe|2025-Pambashe-CommProjects-updated.pdf|False
Ilombe|1x3 Classroom Block, 4x Stuff Houses, Ablution Block And Solar Pump Borehole|2025|Deferred / Not Approved||Education||Pambashe|2025-Pambashe-CommProjects-updated.pdf|False
Ilombe|1x2 Classroom Block And Electricity Connection|2025|Deferred / Not Approved||Education||Pambashe|2025-Pambashe-CommProjects-updated.pdf|False
Ilombe|Market|2025|Deferred / Not Approved||Commerce||Pambashe|2025-Pambashe-CommProjects-updated.pdf|False
Ilombe|1x3 Classroom Block And 2x Offices|2025|Deferred / Not Approved||Education||Pambashe|2025-Pambashe-CommProjects-updated.pdf|False
Chibote|Health Facility|2025|Deferred / Not Approved||Health||Pambashe|2025-Pambashe-CommProjects-updated.pdf|False
Chibote|Water Project|2025|Deferred / Not Approved||Water Development||Pambashe|2025-Pambashe-CommProjects-updated.pdf|False
Chibote|Camp House Project|2025|Deferred / Not Approved||Agriculture||Pambashe|2025-Pambashe-CommProjects-updated.pdf|False
Chibote|Construction Of Staff House, Ablution Block And Water Scheme At Katota Health Post|2025|Deferred / Not Approved||Health||Pambashe|2025-Pambashe-CommProjects-updated.pdf|False
Chibote|Classroom Block|2025|Deferred / Not Approved||Education||Pambashe|2025-Pambashe-CommProjects-updated.pdf|False
Chibote|Classroom Block, Ablution Block, Electricity And Borehore|2025|Deferred / Not Approved||Education||Pambashe|2025-Pambashe-CommProjects-updated.pdf|False
Chibote|Classroom Block, Road, Health Facility And Water|2025|Deferred / Not Approved||Education||Pambashe|2025-Pambashe-CommProjects-updated.pdf|False
Mulunda|1x3 Classroom Block|2025|Deferred / Not Approved||Education||Pambashe|2025-Pambashe-CommProjects-updated.pdf|False
Mulunda|Construction of Health Facility at Mawaya|2025|Approved||Health||Pambashe|APPROVED-PAMBASHE-COMMUNITY-PROJECTS-2025.pdf|True
Mulunda|Water And Housing Project|2025|Deferred / Not Approved||Education||Pambashe|2025-Pambashe-CommProjects-updated.pdf|False
Pambashe|Classroom Block, Borehore, Ablution Block, Teachers Houses And Road|2025|Deferred / Not Approved||Education||Pambashe|2025-Pambashe-CommProjects-updated.pdf|False
Pambashe|Health Facility|2025|Deferred / Not Approved||Health||Pambashe|2025-Pambashe-CommProjects-updated.pdf|False
Pambashe|Teachers Houses|2025|Deferred / Not Approved||Education||Pambashe|2025-Pambashe-CommProjects-updated.pdf|False
Pambashe|Water Project|2025|Deferred / Not Approved||Water Development||Pambashe|2025-Pambashe-CommProjects-updated.pdf|False
Pambashe|Ablution Block|2025|Deferred / Not Approved||Education||Pambashe|2025-Pambashe-CommProjects-updated.pdf|False
Kabanse|Transport Motorbike|2025|Deferred / Not Approved||Community||Pambashe|2025-Pambashe-CommProjects-updated.pdf|False
Kabanse|Ablution Block|2025|Deferred / Not Approved||Education||Pambashe|2025-Pambashe-CommProjects-updated.pdf|False
Kabanse|Maternity Annex|2025|Deferred / Not Approved||Health||Pambashe|2025-Pambashe-CommProjects-updated.pdf|False
Kabanse|3x Teachers Houses And Ablution Block|2025|Deferred / Not Approved||Education||Pambashe|2025-Pambashe-CommProjects-updated.pdf|False
Chikanda|Ablution Block|2025|Deferred / Not Approved||Education||Pambashe|2025-Pambashe-CommProjects-updated.pdf|False
Chikanda|Water Project|2025|Deferred / Not Approved||Community||Pambashe|2025-Pambashe-CommProjects-updated.pdf|False
Chikanda|2x Teachers Houses|2025|Deferred / Not Approved||Education||Pambashe|2025-Pambashe-CommProjects-updated.pdf|False
Chikanda|Installation Of Solar Irrigation Facility|2025|Deferred / Not Approved||Education||Pambashe|2025-Pambashe-CommProjects-updated.pdf|False
Chikanda|Borehore Project|2025|Deferred / Not Approved||Community||Pambashe|2025-Pambashe-CommProjects-updated.pdf|False
Chikanda|Community School|2025|Deferred / Not Approved||Education||Pambashe|2025-Pambashe-CommProjects-updated.pdf|False
Chikanda|Agriculture Storage Facility|2025|Deferred / Not Approved||Agriculture||Pambashe|2025-Pambashe-CommProjects-updated.pdf|False
Chikanda|2x Health Staff Houses|2025|Deferred / Not Approved||Health||Pambashe|2025-Pambashe-CommProjects-updated.pdf|False
Chikanda|Grading Of Feeder Road|2025|Deferred / Not Approved||Community||Pambashe|2025-Pambashe-CommProjects-updated.pdf|False
Luongo|Road And Transport|2025|Deferred / Not Approved||Community||Pambashe|2025-Pambashe-CommProjects-updated.pdf|False
Luongo|Classroom Block, Teachers Houses, Water And Sanitation|2025|Deferred / Not Approved||Education||Pambashe|2025-Pambashe-CommProjects-updated.pdf|False
Luongo|2x Health Staff Houses And Electricity|2025|Deferred / Not Approved||Health||Pambashe|2025-Pambashe-CommProjects-updated.pdf|False
Luongo|Road Network|2025|Deferred / Not Approved||Community||Pambashe|2025-Pambashe-CommProjects-updated.pdf|False
Luongo|Construction Of Staff House At Kasonde Health Post|2025|Deferred / Not Approved||Community||Pambashe|2025-Pambashe-CommProjects-updated.pdf|False
Luongo|Ablution Block|2025|Deferred / Not Approved||Education||Pambashe|2025-Pambashe-CommProjects-updated.pdf|False
Mulunda|Water Project|2025|Deferred / Not Approved||Community||Pambashe|2025-Pambashe-CommProjects-updated.pdf|False
Ilombe|Office Furnitures|2025|Deferred / Not Approved||Education||Pambashe|2025-Pambashe-CommProjects-updated.pdf|False
Mulunda|Road Construction|2025|Deferred / Not Approved||Community||Pambashe|2025-Pambashe-CommProjects-updated.pdf|False
Chibote|Road Construction|2025|Deferred / Not Approved||Community||Pambashe|2025-Pambashe-CommProjects-updated.pdf|False
Constituency-wide / Not Specified|Procurement of Tipper Truck|2025|Approved||Transport||Kawambwa|APPROVED-KAWAMBWA-COMMUNITY-PROJECTS-2025.pdf|False
Constituency-wide / Not Specified|Procurement of Grader|2025|Approved||Transport||Kawambwa|APPROVED-KAWAMBWA-COMMUNITY-PROJECTS-2025.pdf|False
Constituency-wide / Not Specified|Procurement of Front end Loader|2025|Approved||Transport||Kawambwa|APPROVED-KAWAMBWA-COMMUNITY-PROJECTS-2025.pdf|False
Constituency-wide / Not Specified|Procurement of water Bowser|2025|Approved||Transport||Kawambwa|APPROVED-KAWAMBWA-COMMUNITY-PROJECTS-2025.pdf|False
Constituency-wide / Not Specified|Servicing of Equipment|2025|Approved||Transport||Kawambwa|APPROVED-KAWAMBWA-COMMUNITY-PROJECTS-2025.pdf|False
Constituency-wide / Not Specified|Completion of Office Block at Civic Centre|2025|Approved||Administration||Kawambwa|APPROVED-KAWAMBWA-COMMUNITY-PROJECTS-2025.pdf|False
Constituency-wide / Not Specified|Procurement of Sever and Equipment|2025|Approved||Administration||Kawambwa|APPROVED-KAWAMBWA-COMMUNITY-PROJECTS-2025.pdf|False
Constituency-wide / Not Specified|Procurement of Solar Equipment|2025|Approved||Administration||Kawambwa|APPROVED-KAWAMBWA-COMMUNITY-PROJECTS-2025.pdf|False
Constituency-wide / Not Specified|Renovation of DCs Office|2025|Approved||Administration||Kawambwa|APPROVED-KAWAMBWA-COMMUNITY-PROJECTS-2025.pdf|False
Constituency-wide / Not Specified|District Hospital Mortuary|2025|Approved||Health||Kawambwa|APPROVED-KAWAMBWA-COMMUNITY-PROJECTS-2025.pdf|False
Constituency-wide / Not Specified|Completion of Two Bed room Staff House Misakalala|2025|Approved||Health||Kawambwa|APPROVED-KAWAMBWA-COMMUNITY-PROJECTS-2025.pdf|False
Constituency-wide / Not Specified|Completion of Two Bed room Staff House Muchulila|2025|Approved||Health||Kawambwa|APPROVED-KAWAMBWA-COMMUNITY-PROJECTS-2025.pdf|False
Constituency-wide / Not Specified|Completion of two Bed room Staff House Kamfukeshi|2025|Approved||Education||Kawambwa|APPROVED-KAWAMBWA-COMMUNITY-PROJECTS-2025.pdf|False
Constituency-wide / Not Specified|Procurement of Tipper Truck|2025|Approved||Transport||Pambashe|APPROVED-PAMBASHE-COMMUNITY-PROJECTS-2025.pdf|False
Constituency-wide / Not Specified|Procurement of Grader|2025|Approved||Transport||Pambashe|APPROVED-PAMBASHE-COMMUNITY-PROJECTS-2025.pdf|False
Constituency-wide / Not Specified|Procurement of Excavator|2025|Approved||Transport||Pambashe|APPROVED-PAMBASHE-COMMUNITY-PROJECTS-2025.pdf|False
Constituency-wide / Not Specified|Servicing of Equipment|2025|Approved||Transport||Pambashe|APPROVED-PAMBASHE-COMMUNITY-PROJECTS-2025.pdf|False
Constituency-wide / Not Specified|Office Block|2025|Approved||Administration||Pambashe|APPROVED-PAMBASHE-COMMUNITY-PROJECTS-2025.pdf|False
Constituency-wide / Not Specified|Solar Equipment Civic Centre|2025|Approved||Administration||Pambashe|APPROVED-PAMBASHE-COMMUNITY-PROJECTS-2025.pdf|False
Constituency-wide / Not Specified|Procurement of Sever and Equipment|2025|Approved||Administration||Pambashe|APPROVED-PAMBASHE-COMMUNITY-PROJECTS-2025.pdf|False
Constituency-wide / Not Specified|Renovation of DC Office|2025|Approved||Administration||Pambashe|APPROVED-PAMBASHE-COMMUNITY-PROJECTS-2025.pdf|False
Constituency-wide / Not Specified|District Mortuary Equipment|2025|Approved||Health||Pambashe|APPROVED-PAMBASHE-COMMUNITY-PROJECTS-2025.pdf|False
Constituency-wide / Not Specified|Construction of Water Scheme at Mawaya|2025|Approved||Water & Sanitation||Pambashe|APPROVED-PAMBASHE-COMMUNITY-PROJECTS-2025.pdf|False
Constituency-wide / Not Specified|Procurement of Medical Equipment Mawaya|2025|Approved||Health||Pambashe|APPROVED-PAMBASHE-COMMUNITY-PROJECTS-2025.pdf|False
Constituency-wide / Not Specified|Construction of Health Facility Kuyumba|2025|Approved||Health||Pambashe|APPROVED-PAMBASHE-COMMUNITY-PROJECTS-2025.pdf|False
Constituency-wide / Not Specified|Construction of Scheme Kuyumba15|2025|Approved||Water & Sanitation||Pambashe|APPROVED-PAMBASHE-COMMUNITY-PROJECTS-2025.pdf|False
Constituency-wide / Not Specified|Procurement of Medical Equipment Kuyumba|2025|Approved||Health||Pambashe|APPROVED-PAMBASHE-COMMUNITY-PROJECTS-2025.pdf|False
