budget_section|classification_level|code|description|amount_2024|amount_2025|amount_2026|amount_2027|amount_2028|source_file|page
Revenue|Detailed Line Item|01|Local taxes/rates||||||KTC-OBB-BUDGET-2026-to-2027.pdf|3
Revenue|Detailed Line Item|001|Residential|||262,670.00|262,670.00|262,670.00|KTC-OBB-BUDGET-2026-to-2027.pdf|3
Revenue|Detailed Line Item|002|Commercial|||161,864.00|161,864.00|161,864.00|KTC-OBB-BUDGET-2026-to-2027.pdf|3
Revenue|Detailed Line Item|003|Industrial|||84,838.00|84,838.00|84,838.00|KTC-OBB-BUDGET-2026-to-2027.pdf|3
Revenue|Detailed Line Item|004|Hospitality|||93,669.00|93,669.00|93,669.00|KTC-OBB-BUDGET-2026-to-2027.pdf|3
Revenue|Detailed Line Item||SubItem Total||||603,041.00|603,041.00|KTC-OBB-BUDGET-2026-to-2027.pdf|3
Revenue|Detailed Line Item|001|Personal levy|||54,795.00|54,795.00|54,795.00|KTC-OBB-BUDGET-2026-to-2027.pdf|3
Revenue|Detailed Line Item||SubItem Total||||54,795.00|54,795.00|KTC-OBB-BUDGET-2026-to-2027.pdf|3
Revenue|Detailed Line Item|02|Fees and Charges||||||KTC-OBB-BUDGET-2026-to-2027.pdf|3
Revenue|Detailed Line Item|003|Building inspection-fees|||23,400.00|23,400.00|23,400.00|KTC-OBB-BUDGET-2026-to-2027.pdf|3
Revenue|Detailed Line Item|004|Plan scrutiny fee|||74,760.00|74,760.00|74,760.00|KTC-OBB-BUDGET-2026-to-2027.pdf|3
Revenue|Detailed Line Item|005|Change of premise use|||7,000.00|7,000.00|7,000.00|KTC-OBB-BUDGET-2026-to-2027.pdf|3
Revenue|Detailed Line Item|007|Rentals/lease of Council’s properties|||607,200.00|607,200.00|607,200.00|KTC-OBB-BUDGET-2026-to-2027.pdf|3
Revenue|Detailed Line Item|008|Non-Land Application forms fees|||75,000.00|75,000.00|75,000.00|KTC-OBB-BUDGET-2026-to-2027.pdf|3
Revenue|Detailed Line Item|009|Rentals from houses|||66,000.00|66,000.00|66,000.00|KTC-OBB-BUDGET-2026-to-2027.pdf|3
Revenue|Detailed Line Item|011|Search fees|||5,000.00|5,000.00|5,000.00|KTC-OBB-BUDGET-2026-to-2027.pdf|3
Revenue|Detailed Line Item|012|Notice board advert fees|||300.00|300.00|300.00|KTC-OBB-BUDGET-2026-to-2027.pdf|3
Revenue|Detailed Line Item|013|Market fees|||54,000.00|54,000.00|54,000.00|KTC-OBB-BUDGET-2026-to-2027.pdf|3
Revenue|Detailed Line Item|014|Parking fees|||8,000.00|8,000.00|8,000.00|KTC-OBB-BUDGET-2026-to-2027.pdf|3
Revenue|Detailed Line Item|016|Loading fees (buses, trucks, trains, taxies etc.)|||637,180.00|637,180.00|637,180.00|KTC-OBB-BUDGET-2026-to-2027.pdf|3
Revenue|Detailed Line Item|020|Hire of halls|||30,000.00|30,000.00|30,000.00|KTC-OBB-BUDGET-2026-to-2027.pdf|3
Revenue|Detailed Line Item|031|Motorbike and Bicycle fees|||50,700.00|50,700.00|50,700.00|KTC-OBB-BUDGET-2026-to-2027.pdf|3
Revenue|Detailed Line Item|032|Hire of plant and equipment|||283,000.00|283,000.00|283,000.00|KTC-OBB-BUDGET-2026-to-2027.pdf|3
Revenue|Detailed Line Item|033|Refuse disposal|||203,700.00|203,700.00|203,700.00|KTC-OBB-BUDGET-2026-to-2027.pdf|3
Revenue|Detailed Line Item|045|Notice of marriage fees|||12,600.00|12,600.00|12,600.00|KTC-OBB-BUDGET-2026-to-2027.pdf|3
Revenue|Detailed Line Item|047|Registration of clubs and societies|||212,500.00|212,500.00|212,500.00|KTC-OBB-BUDGET-2026-to-2027.pdf|3
Revenue|Detailed Line Item|051|Farm produce Fee|||65,615.00|65,615.00|65,615.00|KTC-OBB-BUDGET-2026-to-2027.pdf|3
Revenue|Detailed Line Item|053|Certification of documents|||3,000.00|3,000.00|3,000.00|KTC-OBB-BUDGET-2026-to-2027.pdf|3
Revenue|Detailed Line Item|055|Illegal Paring of vehicles|||2,250.00|2,250.00|2,250.00|KTC-OBB-BUDGET-2026-to-2027.pdf|3
Revenue|Detailed Line Item|063|Billboards and banners|||36,746.00|36,746.00|36,746.00|KTC-OBB-BUDGET-2026-to-2027.pdf|3
Revenue|Detailed Line Item|065|Council Minutes Extracts|||25,000.00|25,000.00|25,000.00|KTC-OBB-BUDGET-2026-to-2027.pdf|3
Revenue|Detailed Line Item|066|Penalties|||20,000.00|20,000.00|20,000.00|KTC-OBB-BUDGET-2026-to-2027.pdf|3
Revenue|Detailed Line Item|067|Ablution Fee|||144,000.00|144,000.00|144,000.00|KTC-OBB-BUDGET-2026-to-2027.pdf|3
Revenue|Detailed Line Item|072|Booth fees|||22,331.00|22,331.00|22,331.00|KTC-OBB-BUDGET-2026-to-2027.pdf|3
Revenue|Detailed Line Item|074|Sale of Bid Documents|||18,000.00|18,000.00|18,000.00|KTC-OBB-BUDGET-2026-to-2027.pdf|3
Revenue|Detailed Line Item|078|Erection of Tombstone|||3,400.00|3,400.00|3,400.00|KTC-OBB-BUDGET-2026-to-2027.pdf|3
Revenue|Detailed Line Item|099|Other fees and charges|||447,848.00|447,848.00|447,848.00|KTC-OBB-BUDGET-2026-to-2027.pdf|3
Revenue|Detailed Line Item||SubItem Total||||3,138,530.00|3,138,530.00|KTC-OBB-BUDGET-2026-to-2027.pdf|3
Revenue|Detailed Line Item|03|Licenses||||||KTC-OBB-BUDGET-2026-to-2027.pdf|4
Revenue|Detailed Line Item|001|Occupancy licence|||53,000.00|53,000.00|53,000.00|KTC-OBB-BUDGET-2026-to-2027.pdf|4
Revenue|Detailed Line Item|002|Liquor licence|||4,032.00|4,032.00|4,032.00|KTC-OBB-BUDGET-2026-to-2027.pdf|4
Revenue|Detailed Line Item|003|Firearm and ammunition licence|||2,250.00|2,250.00|2,250.00|KTC-OBB-BUDGET-2026-to-2027.pdf|4
Revenue|Detailed Line Item|004|Petroleum Storage licence|||72,900.00|72,900.00|72,900.00|KTC-OBB-BUDGET-2026-to-2027.pdf|4
Revenue|Detailed Line Item|005|Dog licence|||3,750.00|3,750.00|3,750.00|KTC-OBB-BUDGET-2026-to-2027.pdf|4
Revenue|Detailed Line Item|099|Other Licences|||174,490.00|174,490.00|174,490.00|KTC-OBB-BUDGET-2026-to-2027.pdf|4
Revenue|Detailed Line Item||SubItem Total||||310,422.00|310,422.00|KTC-OBB-BUDGET-2026-to-2027.pdf|4
Revenue|Detailed Line Item|04|Levies||||||KTC-OBB-BUDGET-2026-to-2027.pdf|4
Revenue|Detailed Line Item|001|Livestock Movement levy|||300.00|300.00|300.00|KTC-OBB-BUDGET-2026-to-2027.pdf|4
Revenue|Detailed Line Item|002|Birds levy|||7,920.00|7,920.00|7,920.00|KTC-OBB-BUDGET-2026-to-2027.pdf|4
Revenue|Detailed Line Item|003|Fish levy|||3,150.00|3,150.00|3,150.00|KTC-OBB-BUDGET-2026-to-2027.pdf|4
Revenue|Detailed Line Item|004|Pole levy|||5,400.00|5,400.00|5,400.00|KTC-OBB-BUDGET-2026-to-2027.pdf|4
Revenue|Detailed Line Item|006|Sand levy|||15,000.00|15,000.00|15,000.00|KTC-OBB-BUDGET-2026-to-2027.pdf|4
Revenue|Detailed Line Item|011|Telecommunication Mast|||115,000.00|115,000.00|115,000.00|KTC-OBB-BUDGET-2026-to-2027.pdf|4
Revenue|Detailed Line Item|016|Grain Levy|||4,015.00|4,015.00|4,015.00|KTC-OBB-BUDGET-2026-to-2027.pdf|4
Revenue|Detailed Line Item|018|Trading (Retail) Consumable groceries business|||52,090.00|52,090.00|52,090.00|KTC-OBB-BUDGET-2026-to-2027.pdf|4
Revenue|Detailed Line Item|019|Retail Merchants non-consumable business|||35,046.00|35,046.00|35,046.00|KTC-OBB-BUDGET-2026-to-2027.pdf|4
Revenue|Detailed Line Item|020|Trading (Retail) chain stores and supermarkets|||5,000.00|5,000.00|5,000.00|KTC-OBB-BUDGET-2026-to-2027.pdf|4
Revenue|Detailed Line Item|021|Manufacturing|||3,750.00|3,750.00|3,750.00|KTC-OBB-BUDGET-2026-to-2027.pdf|4
Revenue|Detailed Line Item|028|Filling Station|||18,000.00|18,000.00|18,000.00|KTC-OBB-BUDGET-2026-to-2027.pdf|4
Revenue|Detailed Line Item|031|Car Wash|||1,200.00|1,200.00|1,200.00|KTC-OBB-BUDGET-2026-to-2027.pdf|4
Revenue|Detailed Line Item|032|Hospitality|||25,000.00|25,000.00|25,000.00|KTC-OBB-BUDGET-2026-to-2027.pdf|4
Revenue|Detailed Line Item|033|Commercial Banks|||9,000.00|9,000.00|9,000.00|KTC-OBB-BUDGET-2026-to-2027.pdf|4
Revenue|Detailed Line Item|034|Micro- Finance and Money-Lenders|||18,000.00|18,000.00|18,000.00|KTC-OBB-BUDGET-2026-to-2027.pdf|4
Revenue|Detailed Line Item|099|Other levies|||1,200.00|1,200.00|1,200.00|KTC-OBB-BUDGET-2026-to-2027.pdf|4
Revenue|Detailed Line Item||SubItem Total||||319,071.00|319,071.00|KTC-OBB-BUDGET-2026-to-2027.pdf|4
Revenue|Detailed Line Item|05|Permits||||||KTC-OBB-BUDGET-2026-to-2027.pdf|4
Revenue|Detailed Line Item|001|Health permits|||232,000.00|232,000.00|232,000.00|KTC-OBB-BUDGET-2026-to-2027.pdf|4
Revenue|Detailed Line Item|002|Permit for opaque beer|||600.00|600.00|600.00|KTC-OBB-BUDGET-2026-to-2027.pdf|4
Revenue|Detailed Line Item|008|Burial permits and grave sites|||9,000.00|9,000.00|9,000.00|KTC-OBB-BUDGET-2026-to-2027.pdf|4
Revenue|Detailed Line Item|009|Fire certificate|||372,258.00|372,258.00|372,258.00|KTC-OBB-BUDGET-2026-to-2027.pdf|4
Revenue|Detailed Line Item|010|Extension of Business hours permits|||13,500.00|13,500.00|13,500.00|KTC-OBB-BUDGET-2026-to-2027.pdf|4
Revenue|Detailed Line Item|011|Social gathering permit|||1,000.00|1,000.00|1,000.00|KTC-OBB-BUDGET-2026-to-2027.pdf|4
Revenue|Detailed Line Item|099|Primary, Secondary and Tertiary permits|||117,250.00|117,250.00|117,250.00|KTC-OBB-BUDGET-2026-to-2027.pdf|4
Revenue|Detailed Line Item||SubItem Total||||745,608.00|745,608.00|KTC-OBB-BUDGET-2026-to-2027.pdf|4
Revenue|Detailed Line Item|06|Charges||||||KTC-OBB-BUDGET-2026-to-2027.pdf|5
Revenue|Detailed Line Item|001|Service Charges Residential plots|||384,000.00|384,000.00|384,000.00|KTC-OBB-BUDGET-2026-to-2027.pdf|5
Revenue|Detailed Line Item|002|Service Charges Industrial plots|||16,000.00|16,000.00|16,000.00|KTC-OBB-BUDGET-2026-to-2027.pdf|5
Revenue|Detailed Line Item|004|Premium Plot Commercial|||16,000.00|16,000.00|16,000.00|KTC-OBB-BUDGET-2026-to-2027.pdf|5
Revenue|Detailed Line Item|007|Land Application Charges|||94,000.00|94,000.00|94,000.00|KTC-OBB-BUDGET-2026-to-2027.pdf|5
Revenue|Detailed Line Item|008|Land Conversion|||3,097,730.00|3,097,730.00|3,097,730.00|KTC-OBB-BUDGET-2026-to-2027.pdf|5
Revenue|Detailed Line Item|009|Change of ownership|||20,000.00|20,000.00|20,000.00|KTC-OBB-BUDGET-2026-to-2027.pdf|5
Revenue|Detailed Line Item|010|Sub-division of plot|||4,800.00|4,800.00|4,800.00|KTC-OBB-BUDGET-2026-to-2027.pdf|5
Revenue|Detailed Line Item|011|Land regularisation|||964,144.00|964,144.00|964,144.00|KTC-OBB-BUDGET-2026-to-2027.pdf|5
Revenue|Detailed Line Item|012|Change of Land use|||8,000.00|8,000.00|8,000.00|KTC-OBB-BUDGET-2026-to-2027.pdf|5
Revenue|Detailed Line Item|099|Land Charges|||272,800.00|272,800.00|272,800.00|KTC-OBB-BUDGET-2026-to-2027.pdf|5
Revenue|Detailed Line Item||SubItem Total||||4,877,474.00|4,877,474.00|KTC-OBB-BUDGET-2026-to-2027.pdf|5
Revenue|Detailed Line Item|07|Other Incomes||||||KTC-OBB-BUDGET-2026-to-2027.pdf|5
Revenue|Detailed Line Item|099|Other Income|||100,000.00|100,000.00|100,000.00|KTC-OBB-BUDGET-2026-to-2027.pdf|5
Revenue|Detailed Line Item||SubItem Total||||100,000.00|100,000.00|KTC-OBB-BUDGET-2026-to-2027.pdf|5
Revenue|Detailed Line Item|08|National Support (Grants)||||||KTC-OBB-BUDGET-2026-to-2027.pdf|5
Revenue|Detailed Line Item|002|Roads Grant|||6,351,370.00|6,351,370.00|6,351,370.00|KTC-OBB-BUDGET-2026-to-2027.pdf|5
Revenue|Detailed Line Item|003|Health Grant|||7,135,529.00|7,135,529.00|7,135,529.00|KTC-OBB-BUDGET-2026-to-2027.pdf|5
Revenue|Detailed Line Item|004|Local Government Equalisation Fund|||11,094,723.00|11,094,723.00|11,094,723.00|KTC-OBB-BUDGET-2026-to-2027.pdf|5
Revenue|Detailed Line Item|099|Other Grants|||9,244,487.00|9,244,487.00|9,244,487.00|KTC-OBB-BUDGET-2026-to-2027.pdf|5
Revenue|Detailed Line Item||SubItem Total||||33,826,109.00|33,826,109.00|KTC-OBB-BUDGET-2026-to-2027.pdf|5
Revenue|Detailed Line Item|09|Donor Support (Grants)||||||KTC-OBB-BUDGET-2026-to-2027.pdf|5
Revenue|Detailed Line Item|099|Other grants|||400,000.00|400,000.00|400,000.00|KTC-OBB-BUDGET-2026-to-2027.pdf|5
Revenue|Detailed Line Item||SubItem Total||||400,000.00|400,000.00|KTC-OBB-BUDGET-2026-to-2027.pdf|5
Revenue|Detailed Line Item|10|Local Development Fund||||||KTC-OBB-BUDGET-2026-to-2027.pdf|5
Revenue|Detailed Line Item|001|Constituency Development Fund|||80,065,100.00|80,065,100.00|80,065,100.00|KTC-OBB-BUDGET-2026-to-2027.pdf|5
Revenue|Detailed Line Item||SubItem Total||||80,065,100.00|80,065,100.00|KTC-OBB-BUDGET-2026-to-2027.pdf|5
Expenditure - Economic|Summary|21 22 25 26 27 31 32 41|Personal Emoluments Goods and Services Social Assistance Benefits Grants and Other Payments(Transfers) Subsidies to Non-Financial Enterprises Non-Financial Assets Financial Assets Current Liabilities (Payable within one year)|13,684,927.00|14,336,250.00|15,049,042.00|||KTC-OBB-BUDGET-2026-to-2027.pdf|6
Expenditure - Economic|Summary||Head Total|83,979,801.00|110,617,651.00|124,440,150.00|||KTC-OBB-BUDGET-2026-to-2027.pdf|6
Expenditure - Programme|Summary|1 2 3 4 5 6 7 8 10 11 12 13 15 16 17 18|Constituency Development Local Governance Integrated Development Planning Economic and Business Development Public Health and Environmental Protection Housing and Community Amenities Recreation Culture and Religion Education and Skills Development Public Order and Safety Management and Support Services Resource Mobilisation and Management District Health servcies Transport Services Agricultural Services Fisheries and Livestock Social Protection and Community Development|51,265,284.00|72,116,301.00|80,065,100.00|||KTC-OBB-BUDGET-2026-to-2027.pdf|7
Expenditure - Programme|Summary||Head Total|83,979,801.00|110,617,651.00|124,440,150.00|||KTC-OBB-BUDGET-2026-to-2027.pdf|7
